date,dalian_pm25,dalian_pm10,dalian_o3,dalian_no2,dalian_so2,dalian_co
2020-11-01,85,43,20,17,6,6
2020-11-02,49,31,24,13,6,4
2020-11-03,38,35,31,14,7,6
2020-11-04,59,66,37,14,7,8
2020-11-05,126,73,40,15,7,8
2020-11-06,133,74,26,20,8,8
2020-11-07,90,49,24,12,6,4
2020-11-08,37,37,23,22,9,7
2020-11-09,53,53,25,23,10,9
2020-11-10,96,48,39,15,8,6
2020-11-11,95, , , , , 
2020-10-01,86,32,32,12,4,5
2020-10-02,70,17,36,12,5,3
2020-10-03,38,20,28,9,4,2
2020-10-04,29,26,26,10,4,2
2020-10-05,28,23,41,13,6,4
2020-10-06,46,48,75,12,7,4
2020-10-07,94,55,72,15,7,4
2020-10-08,118,33,52,13,6,3
2020-10-09,76,19,43,13,5,2
2020-10-10,42,41,54,16,7,3
2020-10-11,79,19,31,13,6,3
2020-10-12,29,28,42,14,6,3
2020-10-13,45,26,25,13,4,4
2020-10-14,35,42,43,15,5,4
2020-10-15,83,33,37,16,4,5
2020-10-16,77,25,52,11,6,2
2020-10-17,41,52,46,21,7,7
2020-10-18,89,82,84,16,7,6
2020-10-19,159,69,95,11,7,4
2020-10-20,147,72,66,10,6,4
2020-10-21,116,39,24,10,5,1
2020-10-22,38,25,27,10,5,1
2020-10-23,23,36,29,18,6,4
2020-10-24,57,66,42,19,8,5
2020-10-25,129,86,94,18,7,8
2020-10-26,168,48,50,16,6,5
2020-10-27,89,39,30,23,8,5
2020-10-28,54,37,27,23,7,6
2020-10-29,61,65,33,25,9,12
2020-10-30,126,64,36,11,6,8
2020-10-31,140,68,26,17,6,7
2020-09-01,60,35,64,9,5,7
2020-09-02,80,21,31,10,5,3
2020-09-03,37,28,85,8,5,4
2020-09-04,53,29,71,6,5,3
2020-09-05,58,42,57,5,5,5
2020-09-06,93,45,52,10,5,5
2020-09-07,93,24,34,9,4,3
2020-09-08,51,21,40,11,4,4
2020-09-09,48,23,37,12,4,4
2020-09-10,48,25,53,13,4,6
2020-09-11,66,18,38,6,4,4
2020-09-12,44,35,36,14,5,6
2020-09-13,79,28,47,13,5,5
2020-09-14,64,33,50,8,4,4
2020-09-15,69,20,40,8,3,4
2020-09-16,38,19,36,10,4,4
2020-09-17,27,23,50,13,4,5
2020-09-18,35,26,54,14,5,5
2020-09-19,47,30,37,16,5,4
2020-09-20,62,34,54,14,5,4
2020-09-21,70,24,47,14,3,2
2020-09-22,60,30,48,11,3,4
2020-09-23,69,22,37,12,3,6
2020-09-24,49,38,36,18,4,4
2020-09-25,67,47,65,17,6,4
2020-09-26,92,45,73,12,5,3
2020-09-27,95,20,48,7,4,1
2020-09-28,50,31,27,11,5,3
2020-09-29,62,36,93,12,6,3
2020-09-30,77,43,45,13,6,4
2020-08-01,46,18,48,5,3,4
2020-08-02,53,36,57,5,4,5
2020-08-03,89,20,46,5,3,2
2020-08-04,47,26,17,5,3,2
2020-08-05,59,29,39,8,3,4
2020-08-06,58,31,45,6,4,3
2020-08-07,62,22,41,5,4,3
2020-08-08,56,20,52,7,4,3
2020-08-09,56,25,42,5,4,3
2020-08-10,68,30,62,5,5,4
2020-08-11,78,17,38,4,4,4
2020-08-12,54,16,38,5,4,3
2020-08-13,36,33,61,5,5,6
2020-08-14,91,20,102,6,5,4
2020-08-15,56,15,37,6,5,4
2020-08-16,36,23,54,5,5,4
2020-08-17,68,39,54,5,4,3
2020-08-18,92,28,44,8,4,5
2020-08-19,58,31,24,13,5,6
2020-08-20,62,36,65,13,6,5
2020-08-21,63,48,80,14,5,6
2020-08-22,94,36,65,9,5,4
2020-08-23,82,23,34,7,4,3
2020-08-24,58,22,72,9,4,4
2020-08-25,60,16,31,12,3,5
2020-08-26,43,14,30,8,4,4
2020-08-27,41,20,41,10,4,2
2020-08-28,44,39,67,13,5,4
2020-08-29,81,39,60,10,5,6
2020-08-30,90,19,34,9,4,3
2020-08-31,58,27,52,11,5,7
2020-07-01,84,46,73,10,6,6
2020-07-02,111,19,47,8,5,4
2020-07-03,56,25,66,9,4,3
2020-07-04,74,20,42,6,3,2
2020-07-05,55,21,38,7,3,4
2020-07-06,65,27,69,11,3,5
2020-07-07,79,40,99,9,4,4
2020-07-08,90,33,78,7,4,4
2020-07-09,91,31,76,8,4,5
2020-07-10,78,43,68,10,4,5
2020-07-11,91,21,41,5,4,4
2020-07-12,55,25,39,5,4,4
2020-07-13,61,30,78,5,4,4
2020-07-14,67,48,90,4,5,8
2020-07-15,125,40,78,7,5,6
2020-07-16,101,36,48,5,4,5
2020-07-17,95,15,37,4,4,3
2020-07-18,36,8,37,5,4,4
2020-07-19,18,28,67,10,5,5
2020-07-20,74,43,85,9,4,7
2020-07-21,105,33,64,8,4,4
2020-07-22,87,24,45,7,4,4
2020-07-23,63,40,73,10,5,6
2020-07-24,81,28,77,11,6,4
2020-07-25,57,16,53,6,5,3
2020-07-26,37,12,44,4,4, 
2020-07-27,35,12,29,3,4,2
2020-07-28,31,17,44,4,3,3
2020-07-29,56,20,53,6,4,3
2020-07-30,62,18,28,8,4,3
2020-07-31,51,16,49,5,4,3
2020-06-01,63,31,52,4,2,3
2020-06-02,52,43,94,9,3,5
2020-06-03,87,55,62,10,5,5
2020-06-04,96,37,55,17,4,6
2020-06-05,55,53,79,18,4,5
2020-06-06,91,32,51,8,3,3
2020-06-07,74,28,54,6,3,6
2020-06-08,62,37,46,8,3,4
2020-06-09,78,31,43,8,2,5
2020-06-10,70,34,44,14,1,6
2020-06-11,80,35,41,10,2,5
2020-06-12,77,14,44,11,2,3
2020-06-13,39,21,60,11,3,2
2020-06-14,36,40,99,13,6,4
2020-06-15,62,34,59,14,4,3
2020-06-16,56,62,86,16,6,7
2020-06-17,99,55,69,13,5,6
2020-06-18,118,49,106,13,5,7
2020-06-19,100,67,120,8,5,9
2020-06-20,155,32,62,6,3,5
2020-06-21,85,25,62,6,3,3
2020-06-22,63,23,44,8,2,4
2020-06-23,65,9,48,7,1,3
2020-06-24,26,27,57,10,4,4
2020-06-25,64,35,69,8,3,6
2020-06-26,93,36,69,11,4,7
2020-06-27,95,36,66,15,5,5
2020-06-28,82,33,44,8,5,4
2020-06-29,87,42,50,14,8,4
2020-06-30,89,37,77,10,7,7
2020-05-01,87,43,63,8,3,3
2020-05-02,108,30,35,7,3,3
2020-05-03,74,38,31,9,3,1
2020-05-04,63,57,58,19,7,6
2020-05-05,108,52,83,17,6,5
2020-05-06,108,33,46,12,3,2
2020-05-07,68,25,52,6,1,2
2020-05-08,67,25,47,9,2,3
2020-05-09,61,47,56,9,5,5
2020-05-10,101,30,51,10,3,2
2020-05-11,39,40,42,7,4,2
2020-05-12,49,71,63,9,5,2
2020-05-13,69,65,53,7,3,2
2020-05-14,72,25,46,4,2,3
2020-05-15,44,21,47,6,3,2
2020-05-16,53,48,55,7,3,5
2020-05-17,96,27,43,7,3,2
2020-05-18,48,22,36,8,3,2
2020-05-19,46,41,44,11,4,2
2020-05-20,86,31,41,8,3,1
2020-05-21,59,39,47,5,3,1
2020-05-22,55,32,39,8,3,2
2020-05-23,74,22,49,7,4,3
2020-05-24,52,50,73,17,6,5
2020-05-25,99,30,58,8,4,4
2020-05-26,58,41,49,8,4,5
2020-05-27,92,41,54,8,3,5
2020-05-28,89,26,52,8,2,2
2020-05-29,53,32,66,8,3,4
2020-05-30,78,34,43,10,6,4
2020-05-31,77,33,84,12,4,3
2020-04-01,34,51,45,15,7,7
2020-04-02,101,74,48,16,9,8
2020-04-03,161,59,37,8,5,3
2020-04-04,48,45,38,10,5,4
2020-04-05,48,73,70,20,11,7
2020-04-06,116,70,39,17,8,7
2020-04-07,106,41,39,14,5,4
2020-04-08,58,53,42,13,6,5
2020-04-09,91,59,46,16,6,5
2020-04-10,134,47,51,17,6,6
2020-04-11,104,64,52,11,6,6
2020-04-12,118,61,64,20,7,8
2020-04-13,124,71,88,21,11,8
2020-04-14,154,72,58,10,4,8
2020-04-15,160,57,62,8,3,5
2020-04-16,128,55,44,12,3,7
2020-04-17,133,69,75,15,5,7
2020-04-18,164,76,51,20,4,6
2020-04-19,164,21,37,8,3,3
2020-04-20,55,27,35,4,3,1
2020-04-21,28,64,33,5,4,2
2020-04-22,57,38,38,8,4,4
2020-04-23,47,56,47,8,3,4
2020-04-24,73,57,43,8,4,3
2020-04-25,74,38,47,12,5,4
2020-04-26,74,44,54,18,5,6
2020-04-27,98,68,89,14,6,6
2020-04-28,147,59,94,13,5,6
2020-04-29,122,35,51,7,3,5
2020-04-30,77,35,54,7,3,5
2020-03-01,141,31,36,11,8,4
2020-03-02,72,42,33,10,8,5
2020-03-03,116,32,32,7,7,3
2020-03-04,75,29,38,10,10,4
2020-03-05,80,44,39,8,6,5
2020-03-06,106,31,33,11,6,3
2020-03-07,78,30,34,10,5,4
2020-03-08,88,51,29,15,7,6
2020-03-09,128,39,32,10,9,4
2020-03-10,71,50,31,12,10,3
2020-03-11,59,69,38,11,6,5
2020-03-12,123,33,32,8,7,3
2020-03-13,34,50,33,14,8,5
2020-03-14,84,56,33,11,7,3
2020-03-15,60,50,33,12,8,4
2020-03-16,63,63,40,25,11,7
2020-03-17,131,73,73,15,8,6
2020-03-18,152,31,32,8,4,2
2020-03-19,25,58,36,16,8,5
2020-03-20,83,59,45,14,10,5
2020-03-21,104,51,46,19,10,8
2020-03-22,102,44,37,21,8,5
2020-03-23,90,59,48,19,10,6
2020-03-24,133,44,42,10,5,4
2020-03-25,93,35,73,13,4,5
2020-03-26,82,36,30,8,5,4
2020-03-27,42,38,31,14,7,4
2020-03-28,44,28,63,11,7,3
2020-03-29,43,65,43,14,7,6
2020-03-30,130,75,46,19,10,7
2020-03-31,155,29,35,10,5,3
2020-02-01,120,60,27,21,14,7
2020-02-02,143,40,35,9,9,4
2020-02-03,105,37,27,9,9,4
2020-02-04,78,33,24,7,8,4
2020-02-05,65,22,31,10,11,4
2020-02-06,62,64,25,12,9,9
2020-02-07,153,73,37,14,13,11
2020-02-08,154,87,37,14,11,9
2020-02-09,178,116,49,18,10,15
2020-02-10,213,69,48,9,6,8
2020-02-11,164,36,38,9,7,4
2020-02-12,93,36,34,7,4,5
2020-02-13,98,47,37,10,3,6
2020-02-14,127,63,30,5,5,2
2020-02-15,59,79,29,3,4,2
2020-02-16,41,30,28,8,7,3
2020-02-17,53,41,28,15,10,6
2020-02-18,107,56,32,10,5,7
2020-02-19,141,50,34,11,8,6
2020-02-20,120,57,29,11,5,7
2020-02-21,129,48,34,11,7,5
2020-02-22,78,33,38,9,6,3
2020-02-23,67,61,36,10,6,5
2020-02-24,133,57,26,13,7,7
2020-02-25,119,36,50,8,6,4
2020-02-26,86,21,35,11,7,3
2020-02-27,58,28,29,7,4,4
2020-02-28,86,50,29,15,8,6
2020-02-29,140,63,34,14,9,7
2020-01-01,104,84,14,31,19,21
2020-01-02,169,76,16,33,17,18
2020-01-03,160,81,16,37,16,21
2020-01-04,168,49,28,26,16,9
2020-01-05,112,42,29,15,9,9
2020-01-06,115,66,26,14,8,9
2020-01-07,140,45,30,9,7,5
2020-01-08,80,42,20,26,14,8
2020-01-09,95,64,33,32,15,13
2020-01-10,151,45,26,18,10,9
2020-01-11,93,30,25,12,8,7
2020-01-12,70,49,17,24,12,10
2020-01-13,114,36,22,16,8,7
2020-01-14,82,53,22,26,15,8
2020-01-15,136,60,22,26,15,11
2020-01-16,137,57,27,24,15,12
2020-01-17,124,90,31,25,17,16
2020-01-18,186,76,32,20,10,12
2020-01-19,126,47,29,17,10,9
2020-01-20,82,35,29,14,11,6
2020-01-21,66,39,36,12,5,5
2020-01-22,86,89,27,21,11,12
2020-01-23,168,47,27,18,14,7
2020-01-24,103,105,33,19,20,14
2020-01-25,209,97,25,27,20,17
2020-01-26,198,80,26,21,19,13
2020-01-27,163,128,23,26,11,21
2020-01-28,258,84,38,10,8,7
2020-01-29,173,41,32,6,7,3
2020-01-30,98,40,33,13,11,6
2020-01-31,110,52,31,11,10,6
2019-10-01,142,51,63,8,3,7
2019-10-02,138,62,59,10,4,6
2019-10-03,132,49,19,6,3,3
2019-10-04,57,27,29,7,3,3
2019-10-05,27,33,27,19,5,5
2019-10-06,52,39,46,10,5,7
2019-10-07,70,32,48,8,3,4
2019-10-08,24,29,46,6,4,5
2019-10-09,29,50,47,10,3,7
2019-10-10,104,57,26,28,5,9
2019-10-11,113,66,26,26,10,12
2019-10-12,113,57,20,16,8,10
2019-10-13,86,27,23,7,3,5
2019-10-14,41,24,25,14,4,8
2019-10-15,48,50,22,25,5,7
2019-10-16,104,53,33,22,5,8
2019-10-17,119,60,40,23,4,8
2019-10-18,145,88,65,14,5,11
2019-10-19,178,89,68,11,5,11
2019-10-20,185,100,55,23,4,12
2019-10-21,198,93,71,23,4,10
2019-10-22,174,81,61,15,3,8
2019-10-23,167,60,50,9,2,7
2019-10-24,148,18,30,8,3,2
2019-10-25,31,22,27,13,4,3
2019-10-26,43,52,40,12,5,6
2019-10-27,112,93,36,13,5,6
2019-10-28,109,28,27,14,4,4
2019-10-29,36,76,42,12,6,6
2019-10-30,110,129,38,30,9,12
2019-10-31,156,44,22,27,8,7
2019-11-01,72,40,25,32,8,8
2019-11-02,70,57,21,14,6,7
2019-11-03,80,39,23,18,8,7
2019-11-04,75,58,21,20,8,8
2019-11-05,91,48,20,29,11,6
2019-11-06,75,33,26,12,5,4
2019-11-07,45,59,28,24,8,8
2019-11-08,119,76,51,21,12,14
2019-11-09,160,56,56,13,5,9
2019-11-10,109,37,31,17,7,5
2019-11-11,55,45,28,16,6,5
2019-11-12,60,45,27,11,4,6
2019-11-13,70,41,27,9,6,4
2019-11-14,48,46,26,15,7,5
2019-11-15,84,24,29,10,7,4
2019-11-16,52,37,30,11,5,5
2019-11-17,74,60,23,7,4,3
2019-11-18,48,39,24,10,5,4
2019-11-19,49,40,26,11,6,5
2019-11-20,65,61,30,8,5,7
2019-11-21,100,41,28,12,6,5
2019-11-22,55,44,23,20,5,8
2019-11-23,101,32,20,9,4,6
2019-11-24,52,27,19,10,5,4
2019-11-25,46,44,24,19,8,7
2019-11-26,93,38,21,8,5,5
2019-11-27,45,24,20,10,6,5
2019-11-28,45,46,15,24,12,8
2019-11-29,94,64,23,25,10,11
2019-11-30,142,51,16,22,9,10
2019-12-01,105,26,25,11,9,5
2019-12-02,36,41,25,18,9,7
2019-12-03,78,56,17,24,18,10
2019-12-04,122,23,21,11,5,5
2019-12-05,48,39,28,17,15,6
2019-12-06,85,43,23,17,9,8
2019-12-07,96,83,43,15,9,10
2019-12-08,158,121,29,23,8,15
2019-12-09,213,109,29,25,9,14
2019-12-10,185,44,21,17,8,6
2019-12-11,89,29,24,16,11,4
2019-12-12,54,60,27,15,8,6
2019-12-13,114,35,21,18,12,5
2019-12-14,64,39,23,21,11,6
2019-12-15,81,39,25,16,6,4
2019-12-16,77,20,23,8,6,4
2019-12-17,68,18,23,10,6,2
2019-12-18,45,47,20,19,11,6
2019-12-19,99,29,23,20,14,6
2019-12-20,66,80,21,24,11,12
2019-12-21,173,77,17,23,11,13
2019-12-22,168,39,46,17,9,6
2019-12-23,105,51,30,20,13,8
2019-12-24,127,87,25,20,10,12
2019-12-25,178,40,24,12,7,6
2019-12-26,94,49,27,15,9,7
2019-12-27,100,70,34,16,8,9
2019-12-28,160,77,38,15,7,11
2019-12-29,170, , , , , 
2019-07-01,48,30,48,10,4,5
2019-07-02,59,32,71,5,2,5
2019-07-03,67,46,96,4,3,7
2019-07-04,119,42,75,3,2,7
2019-07-05,112,28,50,2,2,5
2019-07-06,81,29,51,5,2,7
2019-07-07,81,40,77,11,3,8
2019-07-08,101,18,46,3,2,4
2019-07-09,44,19,40,3,2,3
2019-07-10,43,19,47,4,3,4
2019-07-11,52,23,71,6,3,5
2019-07-12,75,31,61,6,3,6
2019-07-13,108,41,76,11,2,8
2019-07-14,124,32,53,5,3,8
2019-07-15,106,28,59,4,2,5
2019-07-16,93,32,43,4,4,5
2019-07-17,93,24,39,3,2,4
2019-07-18,63,25,45,4,2,4
2019-07-19,82,36,72,8,3,6
2019-07-20,108,50,116,10,6,10
2019-07-21,147,44,126,6,4,8
2019-07-22,131,26,35,5,2,5
2019-07-23,68,32,71,11,4,8
2019-07-24,102,21,46,4,2,7
2019-07-25,73,22,48,4,2,8
2019-07-26,89,21,44,4,1,7
2019-07-27,60,16,46,4,2,6
2019-07-28,46,26,72,5,4,6
2019-07-29,73,23,65,5,1,7
2019-07-30,65,32,102,6,2,7
2019-07-31,123,30,66,6,2,6
2019-08-01,70,22,28,7,2,5
2019-08-02,48,24,39,6,1,5
2019-08-03,48,38,40,10,3,6
2019-08-04,88,22,28,5,2,4
2019-08-05,58,39,32,6,2,5
2019-08-06,92,43,45,5,2,5
2019-08-07,104,35,44,6,2,4
2019-08-08,88,24,33,6,3,4
2019-08-09,58,20,20,6,2,5
2019-08-10,48,30,28,4,3,7
2019-08-11,53,56,47,5,1,5
2019-08-12,50,21,33,5,6,8
2019-08-13,60,17,29,9,3,7
2019-08-14,56,20,39,9,3,7
2019-08-15,52,28,74,7,5,8
2019-08-16,65,20,45,8,5,7
2019-08-17,46,27,102,13,5,9
2019-08-18,58,24,76,12,6,7
2019-08-19,59,22,59,6,4,7
2019-08-20,67,34,71,11,4,8
2019-08-21,82,79,48,16,5,9
2019-08-22,86,26,35,10,3,6
2019-08-23,48,22,48,9,3,6
2019-08-24,43,34,89,8,5,12
2019-08-25,89,23,58,5,3,7
2019-08-26,70,41,93,9,4,12
2019-08-27,106,46,104,8,3,11
2019-08-28,111,22,35,7,3,6
2019-08-29,37,19,36,9,3,7
2019-08-30,34,24,72,10,5,8
2019-08-31,43,20,53,7,3,6
2019-09-01,50,18,57,7,3,6
2019-09-02,51,27,65,12,3,6
2019-09-03,63,33,36,15,5,7
2019-09-04,89,28,105,6,3,8
2019-09-05,88,32,76,9,3,7
2019-09-06,96,35,50,9,4,9
2019-09-07,100,57,112,7,4,11
2019-09-08,162,51,66,13,3,10
2019-09-09,147,54,23,22,11,10
2019-09-10,98,44,22,21,12,7
2019-09-11,64,48,67,21,7,8
2019-09-12,81,21,52,6,3,5
2019-09-13,69,19,35,9,6,5
2019-09-14,43,29,51,13,5,5
2019-09-15,63,40,40,11,6,7
2019-09-16,76,36,41,16,7,8
2019-09-17,59,30,27,8,4,6
2019-09-18,39,35,43,14,6,7
2019-09-19,48,38,65,12,7,8
2019-09-20,87,52,62,18,6,10
2019-09-21,128,42,40,13,6,5
2019-09-22,66,36,42,17,8,5
2019-09-23,57,41,60,18,8,6
2019-09-24,70,46,83,16,6,6
2019-09-25,89,35,70,8,6,6
2019-09-26,113,37,73,8,4,7
2019-09-27,119,42,76,7,4,7
2019-09-28,133,67,109,19,5,10
2019-09-29,169,66,98,11,6,10
2019-09-30,187,52,76,9,4,7
2019-04-01,61,43,37,20,10,5
2019-04-02,68,50,50,18,8,4
2019-04-03,77,91,93,14,8,6
2019-04-04,152,125,47,12,4,4
2019-04-05,101,73,46,16,5,3
2019-04-06,77,51,40,18,5,4
2019-04-07,71,48,36,18,6,4
2019-04-08,73,34,39,11,5,4
2019-04-09,65,39,44,17,7,3
2019-04-10,71,53,44,20,6,5
2019-04-11,98,79,65,15,8,6
2019-04-12,163,90,54,15,5,6
2019-04-13,172,63,42,13,5,4
2019-04-14,96,72,73,12,7,5
2019-04-15,104,67,52,11,5,4
2019-04-16,120,67,67,9,4,4
2019-04-17,123,85,49,11,4,4
2019-04-18,98,48,43,10,4,3
2019-04-19,53,56,34,23,4,4
2019-04-20,92,69,44,15,4,5
2019-04-21,111,60,43,20,4,4
2019-04-22,99,53,34,11,6,4
2019-04-23,104,112,33,14,4,5
2019-04-24,133,62,31,15,4,6
2019-04-25,92,47,40,15,5,4
2019-04-26,68,58,47,17,6,5
2019-04-27,114,28,50,8,3,5
2019-04-28,64,31,44,10,5,3
2019-04-29,65,75,57,17,6,7
2019-04-30,140,111,45,20,7,4
2019-05-01,126,84,61,27,10,8
2019-05-02,134,59,90,13,6,6
2019-05-03,106,66,96,11,7,7
2019-05-04,130,75,65,10,4,4
2019-05-05,89,68,41,14,6,6
2019-05-06,103,63,87,14,8,7
2019-05-07,114,70,94,10,7,5
2019-05-08,129,100,99,14,8,8
2019-05-09,158,78,85,14,8,6
2019-05-10,147,55,57,10,4,4
2019-05-11,103,49,67,9,4,3
2019-05-12,89,60,55,10,5,4
2019-05-13,80,68,50,9,4,3
2019-05-14,86,50,49,5,3,3
2019-05-15,107,34,45,6,4,2
2019-05-16,80,43,41,6,4,2
2019-05-17,91,28,48,7,4,1
2019-05-18,65,38,50,7,4,2
2019-05-19,74,57,38,9,5,2
2019-05-20,46,40,56,13,6,2
2019-05-21,62,57,78,27,9,6
2019-05-22,113,58,98,14,9,6
2019-05-23,104,89,108,23,6,6
2019-05-24,158,62,85,8,5,3
2019-05-25,111,63,47,4,4,3
2019-05-26,94,26,41,9,3,3
2019-05-27,30,42,85,18,4,5
2019-05-28,72,55,108,22,6,7
2019-05-29,84,55,98,10,6,7
2019-05-30,101,30,59,12,5,7
2019-05-31,59,57,108,11,7,7
2019-06-01,89,62,99,6,4,8
2019-06-02,112,64,64,7,3,6
2019-06-03,105,49,51,5,3,4
2019-06-04,99,43,56,11,3,4
2019-06-05,92,32,37,8,3,5
2019-06-06,78,34,72,13,3,5
2019-06-07,75,53,63,8,2,5
2019-06-08,90,47,49,8,3,4
2019-06-09,85,36,45,9,3,5
2019-06-10,70,28,53,3,2,5
2019-06-11,63,42,65,7,4,3
2019-06-12,76,52,40,7,3,4
2019-06-13,94,56,51,11,3,3
2019-06-14,102,48,40,12,3,5
2019-06-15,71,37,38,12,4,6
2019-06-16,50,50,49,11,5,5
2019-06-17,80,63,54,8,3,5
2019-06-18,115,42,59,3,2,4
2019-06-19,88,40,49,5,1,4
2019-06-20,91,50,67,13,3,5
2019-06-21,93,41,84,13,5,5
2019-06-22,59,44,87,11,4,5
2019-06-23,86,44,78,6,3,5
2019-06-24,81,44,55,3,4,4
2019-06-25,86,33,53,3,3,5
2019-06-26,70,37,53,5,5,4
2019-06-27,98,48,51,7,5,6
2019-06-28,101,57,94,5,5,8
2019-06-29,132,33,61,9,8,7
2019-06-30,60,28,40,11,4,5
2019-01-01,75,59,15,28,22,10
2019-01-02,108,63,25,23,18,12
2019-01-03,128,107,18,29,18,14
2019-01-04,173,44,21,19,11,7
2019-01-05,75,48,19,18,11,9
2019-01-06,83,70,16,27,19,12
2019-01-07,133,54,21,17,13,7
2019-01-08,94,41,25,12,9,6
2019-01-09,60,81,23,21,10,11
2019-01-10,145,105,21,25,8,15
2019-01-11,187,129,27,28,12,16
2019-01-12,232,192,30,35,13,23
2019-01-13,315,82,25,25,15,12
2019-01-14,164,66,23,9,5,5
2019-01-15,85,56,21,21,12,9
2019-01-16,77,93,10,34,21,20
2019-01-17,161,86,22,29,16,14
2019-01-18,162,97,18,29,17,15
2019-01-19,164,37,25,13,8,7
2019-01-20,72,55,23,21,9,10
2019-01-21,85,81,16,32,14,13
2019-01-22,141,77,21,33,16,13
2019-01-23,139,52,27,21,13,8
2019-01-24,111,57,25,11,8,6
2019-01-25,105,36,47,13,8,5
2019-01-26,60,57,24,19,11,8
2019-01-27,115,61,27,18,9,7
2019-01-28,92,39,30,15,10,7
2019-01-29,71,81,22,19,10,10
2019-01-30,134,44,25,10,6,6
2019-01-31,58,67,32,12,8,8
2019-02-01,109,94,35,10,7,9
2019-02-02,169,76,25,12,6,7
2019-02-03,135,73,33,7,8,6
2019-02-04,91,121,27,9,8,9
2019-02-05,172,96,29,13,10,11
2019-02-06,163,48,26,4,6,4
2019-02-07,87,36,25,7,8,5
2019-02-08,62,32,26,6,7,5
2019-02-09,67,26,25,12,10,4
2019-02-10,57,70,25,17,15,11
2019-02-11,137,54,26,11,11,9
2019-02-12,120,43,27,11,10,7
2019-02-13,114,35,33,10,8,6
2019-02-14,111,43,29,14,7,7
2019-02-15,102,29,28,12,8,5
2019-02-16,59,39,26,17,12,9
2019-02-17,88,46,27,17,9,8
2019-02-18,111,68,33,18,9,9
2019-02-19,158,106,28,23,12,13
2019-02-20,230,77,33,33,18,13
2019-02-21,161,124,42,37,20,18
2019-02-22,212,74,43,24,16,11
2019-02-23,162,76,33,34,18,13
2019-02-24,159,60,25,25,15,8
2019-02-25,117,55,18,33,22,11
2019-02-26,100,76,16,38,20,14
2019-02-27,151,90,29,44,18,17
2019-02-28,179,149,50,43,16,17
2019-03-01,266,149,61,33,14,17
2019-03-02,307,128,57,37,12,13
2019-03-03,232,163,41,42,15,17
2019-03-04,220,171,34,39,13,16
2019-03-05,256,96,32,21,4,11
2019-03-06,163,46,29,16,7,4
2019-03-07,78,66,50,17,8,7
2019-03-08,143,51,36,15,7,4
2019-03-09,123,67,33,23,7,7
2019-03-10,125,82,41,25,7,9
2019-03-11,168,46,29,11,4,3
2019-03-12,70,41,28,13,5,3
2019-03-13,48,48,32,20,7,5
2019-03-14,60,52,31,16,7,5
2019-03-15,69,49,31,19,6,5
2019-03-16,74,48,34,21,10,5
2019-03-17,80,51,43,11,5,4
2019-03-18,80,81,55,23,10,6
2019-03-19,155,53,51,10,4,4
2019-03-20,111,32,36,11,3,2
2019-03-21,80,34,37,18,8,3
2019-03-22,68,29,31,12,5,3
2019-03-23,70,51,43,11,7,4
2019-03-24,88,114,57,27,10,7
2019-03-25,184,106,49,22,8,7
2019-03-26,187,80,36,22,8,6
2019-03-27,142,46,30,17,7,2
2019-03-28,66,46,39,17,8,3
2019-03-29,74,48,30,12,6,3
2019-03-30,86,25,32,15,6,3
2019-03-31,44,37,32,19,8,5
2018-10-01,36,42,69,14,6,8
2018-10-02,81,56,64,16,6,12
2018-10-03,117,34,47,8,4,7
2018-10-04,77,36,47,13,4,7
2018-10-05,79,51,31,13,4,6
2018-10-06,73,29,29,10,3,7
2018-10-07,29,34,61,11,5,9
2018-10-08,49,53,45,20,5,11
2018-10-09,97,15,20,12,3,6
2018-10-10,30,22,26,17,3,6
2018-10-11,35,22,39,12,3,6
2018-10-12,43,44,66,13,5,8
2018-10-13,93,72,73,13,7,10
2018-10-14,143,92,66,26,7,13
2018-10-15,170,51,22,23,6,10
2018-10-16,82,30,30,12,4,6
2018-10-17,42,37,26,17,5,6
2018-10-18,52,50,32,25,6,8
2018-10-19,77,55,49,20,6,11
2018-10-20,114,63,58,14,6,9
2018-10-21,132,45,49,9,6,7
2018-10-22,96,33,28,16,4,7
2018-10-23,60,53,42,14,6,8
2018-10-24,89,74,53,10,4,8
2018-10-25,138,34,30,10,3,5
2018-10-26,48,28,25,11,4,5
2018-10-27,37,21,26,10,4,6
2018-10-28,33,20,21,10,4,5
2018-10-29,35,26,21,11,4,7
2018-10-30,50,30,24,15,5,7
2018-10-31,59,50,29,24,10,11
2018-11-01,95,60,55,17,11,11
2018-11-02,124,56,56,13,6,8
2018-11-03,124,58,27,20,6,9
2018-11-04,120,38,17,13,5,7
2018-11-05,72,33,19,11,7,6
2018-11-06,59,35,18,17,8,6
2018-11-07,63,44,13,26,10,8
2018-11-08,85,90,18,22,7,12
2018-11-09,172,60,15,24,10,8
2018-11-10,96,42,57,21,9,7
2018-11-11,77,87,26,28,13,16
2018-11-12,160,106,28,32,12,19
2018-11-13,179,97,46,22,12,15
2018-11-14,172,76,35,19,9,9
2018-11-15,147,34,21,11,5,4
2018-11-16,47,45,18,24,11,9
2018-11-17,79,63,24,20,9,9
2018-11-18,133,50,28,15,9,6
2018-11-19,71,79,24,19,9,10
2018-11-20,139,45,23,18,9,6
2018-11-21,73,35,19,15,10,6
2018-11-22,56,53,37,11,8,7
2018-11-23,101,47,25,15,6,9
2018-11-24,99,109,40,25,10,14
2018-11-25,182,91,46,13,7,10
2018-11-26,169,221,27,17,8,8
2018-11-27,168,102,27,11,10,5
2018-11-28,91,62,22,14,7,5
2018-11-29,77,70,26,21,11,8
2018-11-30,104,71,32,14,6,8
2018-12-01,108,58,29,7,4,6
2018-12-02,87,92,22,11,4,8
2018-12-03,131,46,35,8,6,4
2018-12-04,61,31,25,8,9,4
2018-12-05,48,33,22,8,6,5
2018-12-06,64,32,22,7,5,4
2018-12-07,40,36,23,9,6,5
2018-12-08,49,36,20,19,10,8
2018-12-09,70,59,17,24,14,13
2018-12-10,126,53,18,16,9,8
2018-12-11,111,44,20,15,9,8
2018-12-12,82,41,24,11,7,6
2018-12-13,71,41,22,16,9,5
2018-12-14,68,51,27,7,7,6
2018-12-15,108,90,20,24,13,14
2018-12-16,167,49,22,21,11,6
2018-12-17,78,52,15,27,16,9
2018-12-18,114,51,20,28,16,10
2018-12-19,81,54,31,21,13,11
2018-12-20,117,77,28,23,11,14
2018-12-21,156,88,15,24,12,16
2018-12-22,169,45, ,13,7,5
2018-12-23,82,38,40,14,9,6
2018-12-24,60,69,17,18,10,9
2018-12-25,120,37,22,10,6,5
2018-12-26,55,34,20,8,6,5
2018-12-27,49,43,21,10,10,4
2018-12-28,45,32,21,12,8,6
2018-12-29,57,33,22,9,7,5
2018-12-30,59, , , , , 
2018-07-01,43,17,48,5,3,6
2018-07-02,50,12,36,4,5,7
2018-07-03,34,32,43,16,4,7
2018-07-04,73,49,55,14,5,8
2018-07-05,104,23,35,5,3,6
2018-07-06,56,18,36,5,3,5
2018-07-07,24,24,38,8,4,5
2018-07-08,58,29,38,7,3,4
2018-07-09,72,28,37,9,3,6
2018-07-10,77,26,34,9,3,6
2018-07-11,75,25,21,5,3,4
2018-07-12,36,29,34,5,4,4
2018-07-13,55,38,51,5,3,5
2018-07-14,78,40,49,6,4,5
2018-07-15,79,31,34,5,4,5
2018-07-16,57,33,33,6,4,4
2018-07-17,66,24,28,5,4,5
2018-07-18,48,24,25,6,4,5
2018-07-19,58,29,27,6,4,5
2018-07-20,59,42,29,6,4,5
2018-07-21,98,44,30,6,4,6
2018-07-22,106,31,34,3,5,6
2018-07-23,68,30,22,2,3,6
2018-07-24,49,43,47,5,3,7
2018-07-25,90,71,68,5,4,10
2018-07-26,151,55,48,4,2,9
2018-07-27,119,62,42,11,2,11
2018-07-28,132,60,44,10,1,10
2018-07-29,124,56,51,16,4,11
2018-07-30,110,44,47,17,5,10
2018-07-31,84,55,87,16,5,12
2018-08-01,117,56,108,17,5,11
2018-08-02,101,46,65,4,3,9
2018-08-03,90,32,37,2,3,6
2018-08-04,63,41,46,5,3,8
2018-08-05,82,48,45,9,3,10
2018-08-06,83,46,53,4,2,8
2018-08-07,108,48,50,11,2,10
2018-08-08,104,50,93,13,6,10
2018-08-09,98,39,81,11,5,7
2018-08-10,64,38,90,11,5,8
2018-08-11,72,29,53,4,3,7
2018-08-12,63,33,28,3,3,5
2018-08-13,55,36,20,3,3,5
2018-08-14,51,33,21,3,3,5
2018-08-15,48,40,49,13,4,9
2018-08-16,77,42,38,8,4,7
2018-08-17,57,61,45,4,3,5
2018-08-18,38,30,43,7,3,6
2018-08-19,52,22,40,4,3,6
2018-08-20,35,33,41,15,7,6
2018-08-21,66,46,43,24,11,7
2018-08-22,69,60,33,20,12,12
2018-08-23,98,49,46,12,7,9
2018-08-24,71,35,79,9,7,6
2018-08-25,57,41,78,7,8,6
2018-08-26,79,37,56,11,6,7
2018-08-27,70,36,47,10,5,7
2018-08-28,69,31,43,11,4,7
2018-08-29,62,36,55,15,6,7
2018-08-30,65,37,50,13,7,7
2018-08-31,65,30,42,10,5,7
2018-09-01,58,32,41,4,4,6
2018-09-02,68,61,82,8,6,11
2018-09-03,124,52,52,12,6,10
2018-09-04,88,27,43,14,6,10
2018-09-05,41,57,85,10,8,9
2018-09-06,95,25,33,10,4,4
2018-09-07,36,23,35,12,5,6
2018-09-08,35,28,41,17,5,7
2018-09-09,45,39,53,15,6,9
2018-09-10,63,27,41,6,3,5
2018-09-11,45,28,45,4,3,5
2018-09-12,46,26,45,5,4,5
2018-09-13,50,33,42,9,3,6
2018-09-14,66,49,35,16,5,7
2018-09-15,88,29,33,14,7,7
2018-09-16,48,35,65,15,6,9
2018-09-17,59,45,70,12,6,8
2018-09-18,84,48,61,7,3,7
2018-09-19,113,34,63,10,4,7
2018-09-20,85,48,68,14,4,8
2018-09-21,107,27,32,11,4,5
2018-09-22,37,28,30,14,4,5
2018-09-23,29,22,28,13,4,5
2018-09-24,31,29,36,17,4,6
2018-09-25,52,31,50,14,4,7
2018-09-26,56,37,43,16,4,7
2018-09-27,76,42,66,7,5,7
2018-09-28,78,52,77,11,5,8
2018-09-29,102,18,25,12,3,5
2018-09-30,37,22,30,12,4,5
2018-04-01,71,49,40,15,5,8
2018-04-02,107,100,30,15,7,8
2018-04-03,90,55,36,14,7,7
2018-04-04,78,61,35,16,5,8
2018-04-05,123,121,35,12,6,8
2018-04-06,126,32,41,8,6,5
2018-04-07,51,46,42,6,5,7
2018-04-08,75,56,43,10,6,7
2018-04-09,83,93,47,18,7,10
2018-04-10,127,56,42,16,6,8
2018-04-11,66,57,41,17,6,7
2018-04-12,71,70,40,16,5,7
2018-04-13,77,55,41,11,4,6
2018-04-14,68,59,42,11,4,6
2018-04-15,57,51,54,18,6,7
2018-04-16,71,59,51,12,6,6
2018-04-17,83,105,86,12,8,9
2018-04-18,154,99,103,14,7,10
2018-04-19,157,62,65,10,5,7
2018-04-20,108,60,36,7,5,7
2018-04-21,114,46,44,7,4,9
2018-04-22,99,28,47,11,4,7
2018-04-23,67,58,56,21,7,8
2018-04-24,110,57,78,27,7,8
2018-04-25,96,83,104,22,10,11
2018-04-26,139,70,44,22,6,7
2018-04-27,67,62,90,15,7,6
2018-04-28,96,93,105,12,8,9
2018-04-29,161,73,75,9,6,10
2018-04-30,139,38,76,8,3,8
2018-05-01,89,40,49,12,5,7
2018-05-02,72,48,51,12,5,5
2018-05-03,56,59,114,9,6,7
2018-05-04,91,84,69,17,9,9
2018-05-05,131,75,70,18,5,9
2018-05-06,150,78,63,23,8,9
2018-05-07,121,58,61,16,6,7
2018-05-08,73,61,65,22,7,7
2018-05-09,96,57,84,14,8,7
2018-05-10,93,53,45,6,4,6
2018-05-11,92,35,55,3,3,6
2018-05-12,77,66,84,13,7,8
2018-05-13,135,67,81,8,5,9
2018-05-14,140,48,46,7,3,7
2018-05-15,102,27,36,6,4,6
2018-05-16,64,40,32,17,7,10
2018-05-17,99,49,53,14,7,9
2018-05-18,99,53,49,7,5,6
2018-05-19,63,26,53,4,5,2
2018-05-20,47,19,55,3,4,3
2018-05-21,39,34,43,10,4,4
2018-05-22,73,71,101,6,6,6
2018-05-23,102,105,111,7,10,7
2018-05-24,156,95,95,10,9,8
2018-05-25,147,44,57,14,7,4
2018-05-26,63,74,75,12,8,7
2018-05-27,115,98,82,9,10,8
2018-05-28,137,37,47,5,4,5
2018-05-29,68,42,54,17,6,6
2018-05-30,65,46,72,21,9,6
2018-05-31,73,42,82,14,9,6
2018-06-01,69,40,76,9,8,5
2018-06-02,66,40,73,5,6,5
2018-06-03,68,55,64,7,7,6
2018-06-04,106,51,58,3,5,5
2018-06-05,103,65,68,4,6,7
2018-06-06,134,51,47,5,4,7
2018-06-07,120,54,57,14,3,8
2018-06-08,122,63,57,22,4,9
2018-06-09,127,42,47,4,2,7
2018-06-10,98,24,46,6,4,7
2018-06-11,56,39,50,7,4,6
2018-06-12,84,37,66,3,3,7
2018-06-13,77,37,61,4,3,7
2018-06-14,79,37,121,4,3,6
2018-06-15,90,48,41,6,4,4
2018-06-16,110,53,48,5,4,5
2018-06-17,88,37,38,5,3,3
2018-06-18,69,48,31,6,4,5
2018-06-19,89,62,80,24,5,13
2018-06-20,104,47,82,13,4,8
2018-06-21,85,76,53,2,2,9
2018-06-22,125,42,132,7,5,8
2018-06-23,79,54,111,8,7,8
2018-06-24,91,46,56,4,4,6
2018-06-25,104,25,58,3,4,6
2018-06-26,65,68,133,8,5,12
2018-06-27,163,65,71,11,4,11
2018-06-28,146,25,66,10,6,7
2018-06-29,58,43,51,5,6,7
2018-06-30,113,15,54,2,3,7
2018-01-01,129,44,22,13,14,8
2018-01-02,73,38,26,11,13,6
2018-01-03,56,40,24,10,13,7
2018-01-04,64,40,25,13,12,8
2018-01-05,67,42,19,17,15,8
2018-01-06,66,38,27,14,20,9
2018-01-07,63,62,25,19,11,12
2018-01-08,107,36,26,13,10,8
2018-01-09,47,58,25,7,9,7
2018-01-10,46,53,29,11,13,7
2018-01-11,47,65,22,27,21,11
2018-01-12,124,75,23,27,15,13
2018-01-13,147,85,27,23,12,12
2018-01-14,156,70,23,26,19,11
2018-01-15,108,99,26,26,14,14
2018-01-16,155,83,22,26,12,14
2018-01-17,130,95,21,27,15,18
2018-01-18,133,231,28,28,13,19
2018-01-19,224,118,16,38,21,20
2018-01-20,183,40,25,12,12,10
2018-01-21,73,73,23,15,12,11
2018-01-22,88,36,27,13,14,8
2018-01-23,58,41,25,14,20,9
2018-01-24,66,37,26,13,17,8
2018-01-25,64,34,27,13,14,7
2018-01-26,54,64,18,24,25,13
2018-01-27,124,57,26,21,22,12
2018-01-28,116,75,29,14,12,7
2018-01-29,58,53,25,22,16,10
2018-01-30,72,54,28,25,19,11
2018-01-31,91,49,32,22,17,10
2018-02-01,66,62,30,16,14,9
2018-02-02,93,34,30,8,11,7
2018-02-03,59,30,27,14,16,7
2018-02-04,60,35,29,12,18,7
2018-02-05,73,33,26,17,19,7
2018-02-06,59,46,25,21,17,11
2018-02-07,93,51,41,18,22,11
2018-02-08,114,78,36,18,13,13
2018-02-09,151,56,31,12,13,8
2018-02-10,75,53,29,16,17,8
2018-02-11,59,56,32,16,14,8
2018-02-12,60,63,43,15,16,10
2018-02-13,101,57,39,11,13,8
2018-02-14,104,56,44,10,17,8
2018-02-15,99,53,39,10,15,8
2018-02-16,110,45,34,13,21,7
2018-02-17,79,52,38,11,13,9
2018-02-18,104,69,30,15,11,10
2018-02-19,153,70,40,20,17,12
2018-02-20,137,73,51,17,17,10
2018-02-21,136,114,39,24,17,19
2018-02-22,191,122,40,22,16,18
2018-02-23,197,35,34,13,14,8
2018-02-24,72,37,36,18,14,9
2018-02-25,89,55,40,17,12,10
2018-02-26,124,118,40,25,14,17
2018-02-27,185,66,39,12,7,11
2018-02-28,130,38,42,10,9,8
2018-03-01,82,40,40,7,8,7
2018-03-02,69,61,38,16,9,9
2018-03-03,113,63,23,20,11,12
2018-03-04,111,53,36,13,9,10
2018-03-05,82,54,37,23,15,12
2018-03-06,100,43,38,17,14,11
2018-03-07,86,37,41,8,8,8
2018-03-08,74,46,48,15,12,10
2018-03-09,93,77,41,23,13,13
2018-03-10,144,50,44,17,10,11
2018-03-11,104,80,71,13,9,10
2018-03-12,151,56,51,18,11,10
2018-03-13,113,54,41,17,8,8
2018-03-14,120,71,37,11,6,7
2018-03-15,99,61,34,22,14,9
2018-03-16,98,50,33,31,16,8
2018-03-17,90,50,37,16,8,9
2018-03-18,105,78,35,21,12,12
2018-03-19,138,58,39,20,14,11
2018-03-20,130,66,33,29,13,10
2018-03-21,122,76,52,31,18,11
2018-03-22,144,102,68,33,21,13
2018-03-23,173,122,48,48,21,18
2018-03-24,185,122,108,20,17,13
2018-03-25,192,74,55,18,10,12
2018-03-26,147,68,69,14,10,11
2018-03-27,152,102,71,20,12,11
2018-03-28,160,78,40,23,12,10
2018-03-29,110,65,83,20,11,8
2018-03-30,115,70,35,26,13,9
2018-03-31,124,33,37,8,6,8
2017-10-01,47,48,32,9,8,8
2017-10-02,47,32,27,12,6,7
2017-10-03,41,27,39,13,6,7
2017-10-04,41,26,54,7,6,7
2017-10-05,46,16,45,9,4,7
2017-10-06,33,23,43,7,5,7
2017-10-07,57,23,40,8,5,7
2017-10-08,49,23,48,9,2,8
2017-10-09,57,33,26,14,4,9
2017-10-10,79,24,28,8,5,6
2017-10-11,43,22,36,9,5,6
2017-10-12,31,43,44,11,5,10
2017-10-13,88,31,40,15,7,10
2017-10-14,69,29,41,13,5,10
2017-10-15,48,39,29,15,6,10
2017-10-16,66,50,37,22,10,10
2017-10-17,77,62,38,31,9,14
2017-10-18,102,72,51,24,6,14
2017-10-19,135,65,70,15,5,17
2017-10-20,143,81,56,20,8,15
2017-10-21,152,62,34,15,7,10
2017-10-22,84,62,36,11,5,7
2017-10-23,88,57,72,19,6,12
2017-10-24,102,63,70,14,9,13
2017-10-25,128,81,44,17,9,11
2017-10-26,159,74,54,18,7,10
2017-10-27,153,87,55,18,7,10
2017-10-28,149,40,25,8,4,5
2017-10-29,38,39,24,19,6,8
2017-10-30,45,58,44,12,8,8
2017-10-31,101,113,32,29,12,18
2017-11-01,174,117,29,25,10,16
2017-11-02,167,35,26,10,6,6
2017-11-03,59,40,29,17,10,8
2017-11-04,66,62,44,15,12,10
2017-11-05,120,66,41,15,8,11
2017-11-06,126,102,39,23,13,14
2017-11-07,171,34,25,16,10,8
2017-11-08,54,37,33,14,11,9
2017-11-09,54,50,34,9,6,9
2017-11-10,66,39,20,13,10,8
2017-11-11,35,50,39,11,10,10
2017-11-12,85,75,28,20,10,14
2017-11-13,127,29,23,13,9,9
2017-11-14,43,32,26,11,10,10
2017-11-15,53,27,29,13,11,9
2017-11-16,51,58,78,10,9,8
2017-11-17,100,33,22,10,8,6
2017-11-18,42,42,22,18,13,10
2017-11-19,72,41,23,20,18,9
2017-11-20,73,52,39,12,10,10
2017-11-21,103,70,24,16,8,9
2017-11-22,82,32,24,10,7,7
2017-11-23,36,32,23,13,10,8
2017-11-24,51,51,27,18,11,10
2017-11-25,81,43,24,17,10,9
2017-11-26,70,42,36,15,19,11
2017-11-27,72,80,39,13,9,11
2017-11-28,113,56,24,11,11,8
2017-11-29,54,48,22,21,12,10
2017-11-30,72,39,26,22,13,12
2017-12-01,70,93,41,23,14,13
2017-12-02,157,92,21,23,14,12
2017-12-03,138,32,21,16,13,7
2017-12-04,60,36,34,19,13,9
2017-12-05,54,64,17,27,17,12
2017-12-06,110,48,20,17,13,7
2017-12-07,84,45,17,18,16,8
2017-12-08,70,58,25,21,16,10
2017-12-09,96,58,24,17,12,9
2017-12-10,94,47,20,8,8,6
2017-12-11,45,39,20,13,12,6
2017-12-12,53,45,17,22,20,9
2017-12-13,78,59,21,30,26,12
2017-12-14,112,63,24,17,11,11
2017-12-15,120,44,25,17,13,7
2017-12-16,63,48,26,21,20,8
2017-12-17,66,55,24,21,15,10
2017-12-18,86,35,27,12,10,6
2017-12-19,50,55,23,23,16,10
2017-12-20,94,51,31,17,12,10
2017-12-21,91,87,22,26,16,14
2017-12-22,156,51,32,21,21,11
2017-12-23,97,53,28,20,13,10
2017-12-24,90,36,29,15,12,9
2017-12-25,55,37,23,13,13,8
2017-12-26,61,36,26,14,18,8
2017-12-27,67,61,24,21,11,12
2017-12-28,120,114,14,30,16,17
2017-12-29,174,79,16,26,18,12
2017-12-30,151,74,21,20,18,10
2017-12-31,120,73,14,26,26,13
2017-07-01,82,48,36,7,4,9
2017-07-02,86,46,44,10,3,10
2017-07-03,84,67,76,13,3,9
2017-07-04,100,70,70,10,5,9
2017-07-05,112,83,42,4,3,8
2017-07-06,91,60,90,6,1,8
2017-07-07,90,44,89,6,2,9
2017-07-08,111,52,45,6,1,8
2017-07-09,123,28,43,7,2,7
2017-07-10,61,60,135,7,3,10
2017-07-11,138,52,102,5,2,9
2017-07-12,117,55,85,5,1,9
2017-07-13,120,53,97,6,3,10
2017-07-14,105,34,44,3,4,8
2017-07-15,57,21,45,4,1,8
2017-07-16,54,27,49,3,2,7
2017-07-17,65,54,65,6,2,11
2017-07-18,126,50,72,7,3,11
2017-07-19,119,38,92,5,3,9
2017-07-20,87,49,48,15,5,12
2017-07-21,92,30,57,8,3,11
2017-07-22,63,45,69,13,5,12
2017-07-23,83,69,90,13,5,21
2017-07-24,141,46,77,14,6,10
2017-07-25,74,48,63,15,6,9
2017-07-26,69,25,46,7,4,9
2017-07-27,49,44,66,14,8,9
2017-07-28,72,65,89,22,11,12
2017-07-29,111,49,91,13,6,11
2017-07-30,92,32,56,5,4,9
2017-07-31,67,17,31,2,3,7
2017-08-01,32,34,31,3,2,7
2017-08-02,70,37,43,3,2,8
2017-08-03,63,28,46,6,4,9
2017-08-04,58,43,58,5,2,8
2017-08-05,53,33,54,6,4,8
2017-08-06,72,40,73,11,4,9
2017-08-07,84,43,83,11,6,8
2017-08-08,75,42,78,9,4,10
2017-08-09,89,37,65,4,4,8
2017-08-10,89,48,70,5,5,8
2017-08-11,114,38,46,4,3,9
2017-08-12,65,27,71,5,3,9
2017-08-13,61,26,46,7,4,9
2017-08-14,44,21,47,7,3,8
2017-08-15,33,25,27,9,4,10
2017-08-16,40,14,27,5,3,7
2017-08-17,24,30,54,7,4,8
2017-08-18,61,34,56,8,4,7
2017-08-19,76,28,43,5,5,9
2017-08-20,55,34,49,8,5,8
2017-08-21,64,31,64,5,5,8
2017-08-22,73,28,35,5,4,8
2017-08-23,64,30,44,15,5,10
2017-08-24,67,39,53,19,7,13
2017-08-25,66,38,40,19,5,10
2017-08-26,48,29,34,14,5,10
2017-08-27,39,25,29,14,5,10
2017-08-28,55,25,37,8,6,7
2017-08-29,32,36,49,10,5,6
2017-08-30,59,42,74,9,6,9
2017-08-31,84,52,89,7,6,10
2017-09-01,109,54,77,10,6,9
2017-09-02,123,43,76,12,6,8
2017-09-03,96,33,66,5,5,7
2017-09-04,63,33,52,7,5,7
2017-09-05,59,35,42,6,5,7
2017-09-06,75, , , , , 
2017-09-11,83,48,68,23,8,13
2017-09-12,120,27,43,12,7,9
2017-09-13,79,39,76,10,6,9
2017-09-14,73,30,56,8,5,8
2017-09-15,50,27,55,6,5,8
2017-09-16,55,29,51,7,5,8
2017-09-17,48,41,104,8,8,11
2017-09-18,74,44,64,12,7,10
2017-09-19,78,34,37,16,7,7
2017-09-20,37,31,78,10,6,8
2017-09-21,42,55,93,11,6,10
2017-09-22,88,65,77,11,6,10
2017-09-23,75,73,104,7,7,11
2017-09-24,127,41,67,7,6,8
2017-09-25,69,43,59,7,6,8
2017-09-26,77,33,30,16,7,8
2017-09-27,49,37,34,11,6,9
2017-09-28,41,59,105,8,6,10
2017-09-29,86,69,107,8,8,12
2017-09-30,123,33,51,4,5,7
2017-04-01,145,58,59,28,18,15
2017-04-02,127,76,96,24,19,15
2017-04-03,144,75,66,18,14,16
2017-04-04,165,38,50,10,7,13
2017-04-05,70,41,44,13,6,15
2017-04-06,106,69,55,18,7,16
2017-04-07,155,50,46,18,4,7
2017-04-08,88,62,34,18,7,5
2017-04-09,64,60,43,30,9,7
2017-04-10,102,70,39,17,6,7
2017-04-11,90,65,39,17,9,7
2017-04-12,72,87,80,21,11,10
2017-04-13,149,58,59,21,7,10
2017-04-14,126,64,48,24,8,11
2017-04-15,150,65,51,23,8,10
2017-04-16,143,35,55,10,7,8
2017-04-17,85,64,42,11,6,7
2017-04-18,71,56,40,12,6,7
2017-04-19,63,62,61,13,6,9
2017-04-20,111,86,54,21,8,11
2017-04-21,137,60,93,16,9,9
2017-04-22,110,59,73,11,8,10
2017-04-23,111,60,69,17,7,11
2017-04-24,119,34,39,17,6,10
2017-04-25,82,32,39,18,8,10
2017-04-26,46,33,42,13,6,8
2017-04-27,45,46,46,14,7,6
2017-04-28,59,65,74,30,13,11
2017-04-29,121,95,74,17,8,8
2017-04-30,110,58,56,13,9,7
2017-05-01,63,64,61,10,7,7
2017-05-02,82,28,49,6,4,6
2017-05-03,65,41,44,10,5,7
2017-05-04,88,73,41,10,4,7
2017-05-05,104,73,46,10,6,7
2017-05-06,64,94,79,20,8,9
2017-05-07,114,129,108,19,16,13
2017-05-08,180,46,63,6,6,5
2017-05-09,68,33,52,10,5,4
2017-05-10,74,56,69,20,9,8
2017-05-11,117,311,43,8,5,4
2017-05-12,149,91,50,7,5,5
2017-05-13,90,47,41,8,5,5
2017-05-14,44,35,42,14,5,5
2017-05-15,48,34,69,17,6,6
2017-05-16,58,57,109,11,10,9
2017-05-17,115,56,116,8,8,8
2017-05-18,105,52,111,7,7,8
2017-05-19,89,32,57,6,6,6
2017-05-20,67,31,43,6,8,7
2017-05-21,73,37,45,8,5,7
2017-05-22,91,23,44,12,4,8
2017-05-23,60,58,112,16,7,9
2017-05-24,100,48,72,9,5,6
2017-05-25,56,40,51,15,5,6
2017-05-26,47,46,60,13,7,7
2017-05-27,61,53,58,10,6,8
2017-05-28,102,58,75,12,7,9
2017-05-29,87,50,63,9,6,9
2017-05-30,80,33,40,9,6,7
2017-05-31,79,33,40,11,6,8
2017-06-01,58,36,30,19,7,8
2017-06-02,48,24,38,12,6,8
2017-06-03,39,27,57,18,6,8
2017-06-04,47,36,73,14,8,10
2017-06-05,70,31,57,13,6,10
2017-06-06,62,64,85,10,6,12
2017-06-07,104,93,147,9,10,13
2017-06-08,151,57,91,13,7,9
2017-06-09,73,56,44,9,5,5
2017-06-10,45,46,65,20,6,6
2017-06-11,56,44,55,20,6,8
2017-06-12,62,31,59,11,6,8
2017-06-13,55,45,104,16,7,8
2017-06-14,78,72,141,17,10,10
2017-06-15,132,78,125,18,8,13
2017-06-16,150,67,110,10,6,12
2017-06-17,144,57,119,8,7,8
2017-06-18,105,51,60,6,5,7
2017-06-19,85,40,43,7,3,6
2017-06-20,77,44,71,17,4,10
2017-06-21,111,30,50,9,4,8
2017-06-22,85,19,34,8,2,7
2017-06-23,63,18,45,6,3,6
2017-06-24,62,32,71,13,4,8
2017-06-25,74,39,74,10,4,11
2017-06-26,91,27,53,4,3,8
2017-06-27,70,39,43,7,4,8
2017-06-28,83,44,72,5,3,9
2017-06-29,105,46,84,4,3,10
2017-06-30,114,40,64,5,4,9
2017-01-02,185,88,34,27,21,19
2017-01-03,174,91,29,32,22,23
2017-01-04,179,74,19,35,34,18
2017-01-05,144,75,32,31,32,18
2017-01-06,133,67,23,28,18,15
2017-01-07,148,67,29,20,18,14
2017-01-08,147,28,27,14,13,10
2017-01-09,59,31,26,17,16,10
2017-01-10,59,42,28,22,19,14
2017-01-11,90,57,21,28,25,17
2017-01-12,115,37,28,16,16,12
2017-01-13,65,45,24,12,14,13
2017-01-14,63,37,22,19,23,15
2017-01-15,77,49,18,24,26,18
2017-01-16,100,68,27,24,24,15
2017-01-17,161,84,18,24,25,13
2017-01-18,176,52,23,21,20,10
2017-01-19,121,32,28,9,11,6
2017-01-20,53,42,28,21,24,10
2017-01-21,89,36,28,8,9,6
2017-01-22,55,35,25,21,24,9
2017-01-23,78,33,28,24,23,10
2017-01-24,79,58,37,20,29,16
2017-01-25,139,75,39,9,11,13
2017-01-26,155,25,32,6,10,7
2017-01-27,39,39,33,8,13,10
2017-01-28,79,45,31,8,8,11
2017-01-29,94,26,30,8,10,8
2017-01-30,46,32,33,19,31,14
2017-01-31,84,33,30,13,17,10
2017-02-01,75,47,37,17,19,14
2017-02-02,111,98,49,24,31,17
2017-02-03,200,89,37,20,17,14
2017-02-04,183,77,32,17,13,13
2017-02-05,156,35,33,11,11,7
2017-02-06,79,48,25,18,19,10
2017-02-07,111,45,31,10,10,8
2017-02-08,90,41,31,12,11,8
2017-02-09,58,38,31,12,13,9
2017-02-10,60,37,30,20,20,11
2017-02-11,76,49,31,24,25,14
2017-02-12,102,59,31,28,21,16
2017-02-13,130,69,34,24,27,15
2017-02-14,146,69,62,12,15,15
2017-02-15,154,70,54,16,16,11
2017-02-16,137,37,32,13,13,6
2017-02-17,51,48,35,20,27,9
2017-02-18,102,72,35,13,11,9
2017-02-19,134,61,34,7,8,7
2017-02-20,65,44,35,21,19,8
2017-02-21,78,51,29,22,15,10
2017-02-22,111,22,35,13,11,6
2017-02-23,47,37,30,20,18,10
2017-02-24,84,44,31,22,18,10
2017-02-25,93,37,32,22,23,8
2017-02-26,81,55,35,17,17,11
2017-02-27,120,96,36,27,22,14
2017-02-28,180,60,38,13,12,11
2017-03-01,104,48,35,14,13,8
2017-03-02,74,77,30,22,17,11
2017-03-03,154,79,40,17,14,11
2017-03-04,161,55,34,12,9,8
2017-03-05,100,39,32,17,15,8
2017-03-06,66,31,31,9,10,6
2017-03-07,50,43,33,17,15,10
2017-03-08,66,50,32,26,17,10
2017-03-09,81,67,35,37,21,11
2017-03-10,138,89,64,36,31,11
2017-03-11,172,59,35,14,9,7
2017-03-12,87,53,37,15,10,6
2017-03-13,75,49,40,21,13,7
2017-03-14,89,57,44,33,19,9
2017-03-15,118,66,40,28,21,11
2017-03-16,142,85,50,24,22,12
2017-03-17,165,79,56,29,24,12
2017-03-18,158,89,73,39,24,13
2017-03-19,170,83,49,24,16,12
2017-03-20,137,48,38,17,12,9
2017-03-21,67,59,46,29,20,14
2017-03-22,116,54,44,24,19,13
2017-03-23,109,61,42,27,19,12
2017-03-24,129,65,45,20,14,11
2017-03-25,140,88,46,25,14,22
2017-03-26,176,59,41,26,18,14
2017-03-27,124,62,50,24,17,13
2017-03-28,137,55,50,9,9,10
2017-03-29,131,68,40,19,12,14
2017-03-30,153,60,44,18,10,13
2017-03-31,116,68,70,25,18,15
2016-10-01,101,36,45,17,5,11
2016-10-02,80,36,47,20,6,13
2016-10-03,80,36,42,19,5,14
2016-10-04,67,40,31,15,5,14
2016-10-05,74,47,35,21,7,16
2016-10-06,84,51,33,23,6,19
2016-10-07,95,32,35,16,6,16
2016-10-08,53,32,37,14,5,15
2016-10-09,53,44,66,14,6,15
2016-10-10,80,61,35,23,10,12
2016-10-11,104,28,42,14,4,10
2016-10-12,52,82,91,12,9,14
2016-10-13,132,52,70,15,6,13
2016-10-14,93,57,66,12,5,15
2016-10-15,126,40,61,15,3,14
2016-10-16,92,36,39,22,7,13
2016-10-17,75,31,42,24,7,10
2016-10-18,55,68,74,25,8,14
2016-10-19,134,83,37,35,12,16
2016-10-20,143,63,41,27,11,13
2016-10-21,111,53,25,19,6,13
2016-10-22,115,58,15,28,13,18
2016-10-23,101,44,38,22,8,15
2016-10-24,84,48,26,27,8,16
2016-10-25,97,44,27,25,10,10
2016-10-26,76,54,30,31,12,12
2016-10-27,79,36,30,14,5,10
2016-10-28,59,36,29,19,5,10
2016-10-29,42,41,45,15,7,12
2016-10-30,66,25,25,11,5,6
2016-10-31,42,28,27,21,15,8
2016-11-01,52,54,33,25,17,12
2016-11-02,118,73,48,23,18,16
2016-11-03,153,86,49,17,12,14
2016-11-04,165,133,41,26,14,19
2016-11-05,222,87,21,35,29,18
2016-11-06,175,73,27,25,19,17
2016-11-07,152,37,26,17,11,12
2016-11-08,89,23,34,15,18,14
2016-11-09,49,36,34,12,8,12
2016-11-10,85,63,33,25,21,11
2016-11-11,123,71,20,31,28,11
2016-11-12,131,69,40,21,24,10
2016-11-13,130,67,29,20,13,11
2016-11-14,127,39,22,20,18,7
2016-11-15,59,51,33,22,17,10
2016-11-16,88,57,30,24,17,12
2016-11-17,111,51,42,16,12,11
2016-11-18,106,33,28,15,9,10
2016-11-19,82,41,29,18,17,11
2016-11-20,83,36,24,15,13,10
2016-11-21,68,24,26,9,7,9
2016-11-22,42,35,23,20,21,12
2016-11-23,58,30,26,23,26,14
2016-11-24,61,59,30,27,31,18
2016-11-25,135,66,27,27,29,19
2016-11-26,151,102,25,23,23,18
2016-11-27,124,51,24,26,27,15
2016-11-28,81,45,32,29,32,11
2016-11-29,92,75,32,24,15,12
2016-11-30,163,25,28,19,12,8
2016-12-01,50,46,35,24,23,11
2016-12-02,95,99,51,18,21,15
2016-12-03,192,96,33,24,19,16
2016-12-04,189,29,23,15,10,10
2016-12-05,58,43,29,24,19,12
2016-12-06,74,63,19,27,18,16
2016-12-07,114,63,30,23,18,20
2016-12-08,125,25,25,13,11,10
2016-12-09,55,43,24,28,28,14
2016-12-10,89,59,35,22,27,19
2016-12-11,119,39,29,15,10,11
2016-12-12,88,25,24,12,11,9
2016-12-13,57,31,24,11,7,10
2016-12-14,61,43,23,21,19,13
2016-12-15,83,58,34,25,22,18
2016-12-16,118,88,42,28,25,14
2016-12-17,175,99,43,25,18,17
2016-12-18,194,123,13,34,26,23
2016-12-19,221,100,36,26,29,17
2016-12-20,198,120,19,33,30,22
2016-12-21,230,56,26,11,10,10
2016-12-22,101,48,29,10,7,8
2016-12-23,44,42,28,24,20,13
2016-12-24,76,23,29,14,9,12
2016-12-25,48,46,22,16,12,12
2016-12-26,96,28,25,11,8,11
2016-12-27,51,44,29,23,26,12
2016-12-28,98,30,22,20,17,7
2016-12-29,55,57,24,23,27,9
2016-12-30,135,95,24,22,44,13
2016-12-31,187,136, ,17,18,13
2017-01-01,251,95,22,29,23,19
2016-07-01,65,49,60,16,6,12
2016-07-02,93,47,74,17,9,12
2016-07-03,85,38,63,9,3,12
2016-07-04,80,26,46,12,4,10
2016-07-05,46,15,37,8,4,9
2016-07-06,40,16,40,6,3,10
2016-07-07,35,22,35,7,4,9
2016-07-08,57,26,25,11,5,9
2016-07-09,64,32,62,11,8,10
2016-07-10,68,25,32,23,5,9
2016-07-11,56,21,35,16,4,8
2016-07-12,51,46,76,19,4,13
2016-07-13,85,61,76,17,7,12
2016-07-14,82,51,54,17,5,13
2016-07-15,83,19,46,8,2,11
2016-07-16,28,28,53,9,3,11
2016-07-17,51,51,52,9,3,13
2016-07-18,95,60,42,6,2,12
2016-07-19,100,35,62,3,1,10
2016-07-20,60,39,32,4,1,9
2016-07-21,64,55,45,6,1,11
2016-07-22,118,46,48,5,2,12
2016-07-23,102,52,58,11,3,13
2016-07-24,110,53,46,7,3,11
2016-07-25,108,34,44,12,4,13
2016-07-26,83,49,76,11,4,16
2016-07-27,107,66,127,7,4,16
2016-07-28,129,50,66,7,3,14
2016-07-29,111,31,72,5,2,10
2016-07-30,74,28,80,9,9,14
2016-07-31,63,27,61,9,15,12
2016-08-01,64,28,44,12,5,13
2016-08-02,61,19,41,7,7,10
2016-08-03,50,32,51,14,6,11
2016-08-04,69,41,60,14,8,11
2016-08-05,70,33,82,6,8,10
2016-08-06,72,29,40,8,6,10
2016-08-07,69,22,41,11,5,14
2016-08-08,61,35,52,7,6,13
2016-08-09,86,27,51,4,6,10
2016-08-10,77,33,64,4,3,10
2016-08-11,75,41,72,5,4,12
2016-08-12,90,44,69,6,6,12
2016-08-13,92,65,74,12,8,17
2016-08-14,124,34,44,23,13,17
2016-08-15,51,53,90,14,6,16
2016-08-16,74,51,106,16,5,14
2016-08-17,90,31,63,7,5,9
2016-08-18,54,34,35,9,3,11
2016-08-19,70,32,39,9,3,12
2016-08-20,73,37,84,13,6,12
2016-08-21,69,57,65,19,9,10
2016-08-22,68,46,99,17,7,12
2016-08-23,61,40,94,10,6,11
2016-08-24,66,46,63,13,3,11
2016-08-25,78,56,54,18,7,10
2016-08-26,50,44,74,21,7,13
2016-08-27,63,41,61,17,6,12
2016-08-28,59,44,54,11,5,12
2016-08-29,58,48,44,8,2,8
2016-08-30,38,32,44,8,3,9
2016-08-31,29,25,50,12,3,10
2016-09-01,43,37,59,11,3,11
2016-09-02,68,47,79,18,5,13
2016-09-03,89,33,67,7,1,14
2016-09-04,71,43,91,12,2,17
2016-09-05,97,65,121,20,7,20
2016-09-06,131,49,58,22,5,16
2016-09-07,92,43,89,19,2,15
2016-09-08,91,53,109,14,5,18
2016-09-09,118,44,88,10,2,17
2016-09-10,97,32,58,16,2,17
2016-09-11,72,40,60,18,1,15
2016-09-12,90,52,58,21,2,13
2016-09-13,97,38,66,12,5,12
2016-09-14,100,61,107,12,4,10
2016-09-15,156,53,56,16,4,10
2016-09-16,133,43,49,21,4,10
2016-09-17,94,39,43,18,6,10
2016-09-18,53,43,47,26,8,10
2016-09-19,68,53,65,23,5,11
2016-09-20,68,37,62,21,3,12
2016-09-21,68,41,108,14,4,14
2016-09-22,85,36,73,12,3,15
2016-09-23,88,29,72,8,3,16
2016-09-24,72,38,66,10,3,18
2016-09-25,93,28,73,9,3,12
2016-09-26,82,38,49,14,3,9
2016-09-27,85,50,31,13,4,9
2016-09-28,56,39,42,25,7,10
2016-09-29,63,45,60,27,6,10
2016-09-30,84,49,84,19,7,12
2016-04-01,172,62,35,15,10,11
2016-04-02,97,48,41,15,15,9
2016-04-03,61,68,55,20,25,12
2016-04-04,104,98,91,19,21,14
2016-04-05,156,74,46,19,11,11
2016-04-06,117,70,61,24,10,12
2016-04-07,111,78,46,20,9,13
2016-04-08,90,95,65,20,13,14
2016-04-09,123,85,46,15,10,14
2016-04-10,90,63,46,11,5,13
2016-04-11,89,76,55,13,4,10
2016-04-12,104,111,49,24,10,10
2016-04-13,171,76,50,22,7,10
2016-04-14,122,59,68,16,5,8
2016-04-15,100,61,61,14,2,8
2016-04-16,91,43,46,13,3,8
2016-04-17,67,48,33,17,3,8
2016-04-18,80,46,48,10,2,8
2016-04-19,75,50,46,10,2,8
2016-04-20,81,54,51,11,2,9
2016-04-21,99,124,44,26,6,10
2016-04-22,156,134,38,20,5,9
2016-04-23,121,113,43,25,5,9
2016-04-24,123,133,65,22,8,11
2016-04-25,157,122,81,28,9,15
2016-04-26,170,78,52,27,10,13
2016-04-27,136,61,48,16,5,10
2016-04-28,87,50,65,19,4,10
2016-04-29,75,96,79,13,7,13
2016-04-30,155,115,80,19,4,15
2016-05-01,173,67,66,12,2,12
2016-05-02,113,19,41,7, ,10
2016-05-03,36,41,41,15,2,10
2016-05-04,43,62,55,16,3,12
2016-05-05,87,82,36,15,2,14
2016-05-06,111,44,43,19,5,8
2016-05-07,45,45,51,26,10,9
2016-05-08,65,53,49,22,12,9
2016-05-09,74,70,64,25,11,10
2016-05-10,117,73,97,25,12,10
2016-05-11,127,70,90,10,7,10
2016-05-12,122,37,56,19,9,9
2016-05-13,67,48,45,28,13,9
2016-05-14,81,33,41,16,6,9
2016-05-15,64,46,43,23,11,11
2016-05-16,68,60,102,20,16,10
2016-05-17,101,55,127,17,10,9
2016-05-18,94,38,66,21,9,8
2016-05-19,55,36,59,24,7,8
2016-05-20,61,40,71,30,7,8
2016-05-21,63,65,99,32,17,12
2016-05-22,115,63,63,29,13,12
2016-05-23,121,51,67,10,7,15
2016-05-24,104,53,53,21,11,16
2016-05-25,86,65,46,24,10,16
2016-05-26,67,100,53,35,13,13
2016-05-27,108,101,95,25,17,15
2016-05-28,152,73,78,22,14,13
2016-05-29,138,75,128,24,14,14
2016-05-30,116,56,55,20,11,12
2016-05-31,91,48,54,26,12,10
2016-06-01,57,42,102,23,11,13
2016-06-02,66,45,65,12,11,9
2016-06-03,82,29,73,8,7,9
2016-06-04,57,27,58,10,6,11
2016-06-05,53,31,58,8,8,10
2016-06-06,62,45,68,14,8,12
2016-06-07,78,60,87,17,8,17
2016-06-08,113,66,71,12,8,14
2016-06-09,128,41,40,5,6,11
2016-06-10,75,44,46,8,4,14
2016-06-11,83,47,56,18,9,16
2016-06-12,77,40,72,26,10,10
2016-06-13,66,36,44,12,7,10
2016-06-14,70,34,38,13,4,12
2016-06-15,72,52,111,14,12,13
2016-06-16,107,58,110,11,10,12
2016-06-17,106,64,81,7,5,12
2016-06-18,130,53,83,23,6,13
2016-06-19,90,51,53,15,5,12
2016-06-20,91,48,53,7,3,11
2016-06-21,103,28,36,8,1,9
2016-06-22,51,24,41,9,1,11
2016-06-23,57,30,47,14,2,12
2016-06-24,65,32,45,19,6,12
2016-06-25,50,46,135,22,13,13
2016-06-26,85,71,90,9,8,13
2016-06-27,149,50,65,10,5,11
2016-06-28,105,28,46,6,2,8
2016-06-29,61,36,67,6,3,10
2016-06-30,74,37,53,21,5,12
2016-01-04,105,49,26,22,47,10
2016-01-05,99,51,23,17,38,9
2016-01-06,97,41,25,16,36,7
2016-01-07,69,49,23,16,40,9
2016-01-08,91,84,26,24,39,11
2016-01-09,136,71,20,22,41,14
2016-01-10,121,49,27,12,29,7
2016-01-11,83,52,28,14,36,8
2016-01-12,77,59,29,19,38,11
2016-01-13,78,49,28,24,43,12
2016-01-14,79,107,27,27,31,16
2016-01-15,158,102,22,21,37,15
2016-01-16,170,83,25,17,29,12
2016-01-17,133,45,26,11,28,8
2016-01-18,55,34,26,10,25,8
2016-01-19,44,55,20,21,45,11
2016-01-20,91,62,17,24,48,12
2016-01-21,119,58,25,17,40,11
2016-01-22,120,30,28,7,21,8
2016-01-23,47,46,27,15,36,9
2016-01-24,55,69,30,22,55,12
2016-01-25,101,70,21,22,53,14
2016-01-26,129,67,31,19,37,12
2016-01-27,125,87,32,21,36,15
2016-01-28,154,67,20,20,43,12
2016-01-29,118,41,24,11,30,9
2016-01-30,72,47,28,17,43,9
2016-01-31,94,49,29,21,59,10
2016-02-01,98,67,29,24,60,14
2016-02-02,133,67,31,22,42,18
2016-02-03,133,52,30,25,46,12
2016-02-04,103,48,32,17,36,10
2016-02-05,94,38,31,14,35,9
2016-02-06,77,59,39,9,28,12
2016-02-07,114,106,35,20,52,14
2016-02-08,181,54,34,17,42,10
2016-02-09,113,52,39,9,20,9
2016-02-10,92,44,37,6,15,8
2016-02-11,74,51,30,12,13,13
2016-02-12,111,42,27,8,13,10
2016-02-13,89,41,32,7,18,9
2016-02-14,53,44,32,17,36,12
2016-02-15,78,38,30,16,41,10
2016-02-16,71,43,32,13,29,9
2016-02-17,74,71,26,19,33,12
2016-02-18,132,51,29,23,43,11
2016-02-19,95,39,33,13,26,8
2016-02-20,70,50,37,10,27,9
2016-02-21,78,95,37,13,25,11
2016-02-22,144,44,31,13,24,9
2016-02-23,81,55,32,16,30,10
2016-02-24,94,56,34,19,32,10
2016-02-25,104,48,29,21,35,11
2016-02-26,93,62,31,22,34,10
2016-02-27,126,68,38,16,32,11
2016-02-28,126,43,33,8,16,7
2016-02-29,50,56,35,9,13,9
2016-03-01,103,125,50,27,28,16
2016-03-02,196,101,44,18,17,14
2016-03-03,178,42,41,9,7,9
2016-03-04,85,93,31,18,22,11
2016-03-05,122,145,26,21,27,15
2016-03-06,149,96,31,17,26,11
2016-03-07,104,40,31,13,13,11
2016-03-08,64,33,30,11,14,11
2016-03-09,54,41,31,16,28,13
2016-03-10,72,51,33,20,30,15
2016-03-11,88,85,47,20,27,15
2016-03-12,142,78,39,21,23,15
2016-03-13,142,57,41,22,33,14
2016-03-14,109,68,35,22,33,12
2016-03-15,127,61,41,17,20,9
2016-03-16,111,64,38,14,20,9
2016-03-17,132,65,30,28,17,13
2016-03-18,126,69,43,22,20,12
2016-03-19,113,68,51,21,21,11
2016-03-20,132,73,66,28,36,15
2016-03-21,141,73,48,16,15,12
2016-03-22,109,50,40,11,11,11
2016-03-23,73,51,42,14,18,12
2016-03-24,82,45,44,14,18,12
2016-03-25,77,59,39,22,33,17
2016-03-26,109,75,34,28,36,22
2016-03-27,129,83,52,29,22,19
2016-03-28,155,57,43,14,16,15
2016-03-29,93,56,38,20,21,16
2016-03-30,90,69,70,15,14,13
2016-03-31,114,108,79,19,13,13
2015-10-01,43,51,104,14,7,9
2015-10-02,65,31,51,18,6,6
2015-10-03,48,33,55,14,3,6
2015-10-04,42,73,97,13,4,10
2015-10-05,115,66,93,15,5,10
2015-10-06,123,42,73,12,4,7
2015-10-07,83,30,44,18,5,7
2015-10-08,50,37,45,19,6,7
2015-10-09,44,20,41,13,3,7
2015-10-10,33,20,34,16,4,7
2015-10-11,26,28,37,20,5,8
2015-10-12,36,40,37,24,8,10
2015-10-13,57,83,83,35,11,14
2015-10-14,121,97,101,34,8,13
2015-10-15,164,94,105,25,7,13
2015-10-16,165,75,109,22,7,12
2015-10-17,148,56,48,27,7,10
2015-10-18,90,87,67,24,9,11
2015-10-19,123,76,65,27,9,12
2015-10-20,124,73,29,29,11,13
2015-10-21,135,56,33,32,14,10
2015-10-22,104,68,34,31,7,12
2015-10-23,141,42,34,22,9,14
2015-10-24,89,77,43,37,15,11
2015-10-25,108,68,40,29,10,12
2015-10-26,124,55,30,18,9,10
2015-10-27,63,38,29,21,8,9
2015-10-28,56,36,29,19,8,8
2015-10-29,53,35,26,18,9,8
2015-10-30,50,39,32,17,10,10
2015-10-31,65,47,34,11,14,12
2015-11-01,93,91,57,16,21,16
2015-11-02,155,77,71,16,13,14
2015-11-03,147,49,57,16,6,9
2015-11-04,109,64,37,24,18,11
2015-11-05,101,124,13,32,24,15
2015-11-06,203,149,19,27,12,19
2015-11-07,268,355,25,31,19,22
2015-11-08,432,122,36,19,19,13
2015-11-09,220,96,35,27,31,12
2015-11-10,188,86,25,38,39,16
2015-11-11,171,81,38,46,50,15
2015-11-12,161,73,31,36,30,14
2015-11-13,138,51,28,24,20,13
2015-11-14,103,112,33,29,37,23
2015-11-15,195,87,5,29,44,18
2015-11-16,168,62,17,23,27,12
2015-11-17,131,86,20,28,32,11
2015-11-18,164,85,18,24,28,13
2015-11-19,170,76,12,31,48,15
2015-11-20,159,95,5,31,43,17
2015-11-21,178,74,18,27,43,13
2015-11-22,161,46,26,14,22,11
2015-11-23,106,43,23,15,24,10
2015-11-24,73,41,23,12,21,8
2015-11-25,75,31,27,8,17,6
2015-11-26,52,47,31,21,43,8
2015-11-27,90,94,23,28,52,14
2015-11-28,176,98,20,28,51,15
2015-11-29,182,73,29,30,49,12
2015-11-30,161,58,38,13,21,9
2015-12-01,111,57,24,20,35,16
2015-12-02,115,32,27,13,33,8
2015-12-03,64,38,29,17,41,9
2015-12-04,64,41,25,20,35,9
2015-12-05,76,50,29,24,66,10
2015-12-06,98,88,24,30,55,15
2015-12-07,152,90,38,21,46,14
2015-12-08,171,58,43,13,24,10
2015-12-09,130,60,33,17,24,11
2015-12-10,126,46,26,17,28,9
2015-12-11,98,112,11,34,80,18
2015-12-12,186,157,8,39,83,25
2015-12-13,240,113,20,29,52,21
2015-12-14,207,44,25,21,34,12
2015-12-15,85,30,24,10,18,7
2015-12-16,41,40,22,14,28,10
2015-12-17,58,69,16,25,38,15
2015-12-18,130,77,28,35,62,15
2015-12-19,136,79,38,20,23,13
2015-12-20,145,217,18,42,56,28
2015-12-21,299,156,31,26,22,21
2015-12-22,245,183,28,31,45,18
2015-12-23,278,65,20,25,36,11
2015-12-24,123,106,36,22,29,14
2015-12-25,163,85,21,21,33,17
2015-12-26,141,36,19,13,28,7
2015-12-27,57,80,17,25,49,15
2015-12-28,147,123,31,29,39,17
2015-12-29,198,111,7,24,55,17
2015-12-30,195,76,31,20,39,11
2015-12-31,157, , , , , 
2016-01-03,241,44,24,16,45,10
2015-07-01,62,38,91,15,3,6
2015-07-02,63,40,51,14,3,4
2015-07-03,54,99,111,23,6,6
2015-07-04,102,87,80,17,4,5
2015-07-05,87,87,62,14,2,4
2015-07-06,58,40,42,11,2,5
2015-07-07,54,53,75,25,11,6
2015-07-08,94,39,54,15,3,5
2015-07-09,62,22,44,17,4,4
2015-07-10,52,33,35,11,2,4
2015-07-11,67,51,38,17,4,6
2015-07-12,85,47,69,13,4,6
2015-07-13,85,55,76,23,4,6
2015-07-14,86,75,84,27,9,7
2015-07-15,105,57,58,9,3,6
2015-07-16,63,39,37,12,5,5
2015-07-17,50,23,42,4,3,4
2015-07-18,37,34,48,5,4,5
2015-07-19,51,46,43,4,2,5
2015-07-20,73,38,57,5,3,5
2015-07-21,94,32,42,8,5,5
2015-07-22,87,23,30,9,5,5
2015-07-23,64,36,43,10,5,6
2015-07-24,99,31,43,6,5,5
2015-07-25,67,71,83,7,8,8
2015-07-26,135,67,65,8,4,8
2015-07-27,138,53,56,7,2,6
2015-07-28,110,70,79,9,4,7
2015-07-29,143,36,77,7,2,7
2015-07-30,73,40,55,9,3,8
2015-07-31,102,35,49,6,2,6
2015-08-01,97,47,92,7,2,7
2015-08-02,134,26,66,7,2,6
2015-08-03,66,33,62,8,3,8
2015-08-04,78,41,73,6,4,9
2015-08-05,114,29,44,5,1,6
2015-08-06,71,35,27,8,2,6
2015-08-07,81,41,32,7,3,6
2015-08-08,99,46,53,8,5,7
2015-08-09,124,53,57,9,7,8
2015-08-10,115,51,99,15,8,10
2015-08-11,114,46,106,16,9,13
2015-08-12,97,61,124,15,5,10
2015-08-13,112,102,164,8,10,13
2015-08-14,189,76,142,7,3,11
2015-08-15,162,81,143,6,5,11
2015-08-16,166,101,124,6,5,11
2015-08-17,166,81,87,6,5,10
2015-08-18,152,71,56,9,5,9
2015-08-19,133,75,91,6,5,10
2015-08-20,139,58,72,12,4,9
2015-08-21,89,28,77,14,5,7
2015-08-22,50,51,92,22,8,10
2015-08-23,85,58,95,22,10,11
2015-08-24,103,35,64,12,5,8
2015-08-25,49,35,64,14,4,8
2015-08-26,52,38,82,15,4,8
2015-08-27,55,52,128,18,8,12
2015-08-28,84,43,96,14,5,11
2015-08-29,79,40,85,18,8,8
2015-08-30,66,41,84,19,6,8
2015-08-31,76,35,70,12,5,7
2015-09-01,64,20,90,10,4,7
2015-09-02,46,35,88,19,4,8
2015-09-03,65,34,64,20,6,7
2015-09-04,60,41,84,21,8,8
2015-09-05,62,57,84,25,12,9
2015-09-06,79,55,111,27,13,9
2015-09-07,77,43,103,18,5,8
2015-09-08,67,27,70,13,4,7
2015-09-09,47,36,54,16,9,10
2015-09-10,59,37,55,15,8,7
2015-09-11,74,23,40,11,5,6
2015-09-12,37,35,69,12,5,8
2015-09-13,49,53,109,18,9,9
2015-09-14,90,60,104,21,6,10
2015-09-15,111,46,90,23,6,8
2015-09-16,91,46,85,28,5,8
2015-09-17,82,55,101,21,7,8
2015-09-18,93,56,71,27,7,9
2015-09-19,104,37,83,27,9,8
2015-09-20,68,32,96,17,6,7
2015-09-21,61,24,84,11,2,6
2015-09-22,52,32,73,10,3,6
2015-09-23,62,70,87,32,9,12
2015-09-24,138,44,71,23,5,10
2015-09-25,95,38,92,25,7,11
2015-09-26,65,38,110,23,6,9
2015-09-27,60,43,66,30,8,9
2015-09-28,74,33,38,28,8,7
2015-09-29,49,39,49,24,7,9
2015-09-30,57,25,55,12,3,7
2015-04-01,117,29,43,22,5,6
2015-04-02,67,50,41,25,9,5
2015-04-03,123,57,38,27,14,9
2015-04-04,118,58,40,28,14,7
2015-04-05,139,41,34,16,4,2
2015-04-06,59,36,38,17,5,3
2015-04-07,65,48,52,15,6,6
2015-04-08,99,55,43,14,6,5
2015-04-09,125,68,48,23,9,6
2015-04-10,146,60,49,20,6,6
2015-04-11,130,53,75,15,5,5
2015-04-12,118,54,57,22,6,6
2015-04-13,113,85,72,33,9,10
2015-04-14,165,85,92,21,14,9
2015-04-15,168,47,52,15,3,4
2015-04-16,62,73,60,14,7,4
2015-04-17,91,61,61,15,3,4
2015-04-18,74,78,44,24,5,5
2015-04-19,130,62,41,18,7,5
2015-04-20,118,101,85,18,15,9
2015-04-21,148,45,59,20,5,6
2015-04-22,66,80,77,22,9,7
2015-04-23,121,70,48,21,5,5
2015-04-24,59,109,128,19,19,9
2015-04-25,129,86,116,16,16,9
2015-04-26,146,64,104,13,5,7
2015-04-27,113,50,55,13,2,5
2015-04-28,83,49,40,25,3,6
2015-04-29,73,57,58,20,4,6
2015-04-30,93,42,54,16,5,4
2015-05-01,89,24,34,13,1,3
2015-05-02,47,46,34,22,2,5
2015-05-03,65,49,36,16,2,5
2015-05-04,44,77,92,26,11,6
2015-05-05,103,98,58,23,9,6
2015-05-06,100,70,41,27,4,5
2015-05-07,76,56,35,21,3,6
2015-05-08,102,42,37,20,7,5
2015-05-09,80,39,43,18,4,4
2015-05-10,66,34,36,17,2,7
2015-05-11,66,38,44,14,3,9
2015-05-12,88,65,113,14,12,7
2015-05-13,96,75,60,22,6,7
2015-05-14,107,51,43,22,4,5
2015-05-15,71,61,116,17,11,8
2015-05-16,106,59,97,10,6,7
2015-05-17,95,60,58,22,5,6
2015-05-18,87,57,43,21,6,8
2015-05-19,88,38,42,16,3,5
2015-05-20,39,54,97,14,8,9
2015-05-21,92,65,115,13,16,9
2015-05-22,115,25,76,12,5,5
2015-05-23,49,46,86,18,8,6
2015-05-24,81,42,84,20,9,6
2015-05-25,75,66,124,16,10,8
2015-05-26,116,52,73,14,5,7
2015-05-27,82,44,45,17,6,5
2015-05-28,95,33,37,11,2,4
2015-05-29,82,44,40,15,4,9
2015-05-30,80,47,82,19,9,8
2015-05-31,77,44,70,10,3,7
2015-06-01,64,47,40,17,8,7
2015-06-02,76,55,61,19,10,11
2015-06-03,78,60,95,17,15,10
2015-06-04,102,50,89,11,6,8
2015-06-05,96,59,99,10,4,8
2015-06-06,105,65,103,9,3,8
2015-06-07,97,41,75,8,3,7
2015-06-08,74,51,82,11,5,8
2015-06-09,95,34,57,8,2,5
2015-06-10,64,29,82,7,1,6
2015-06-11,49,47,75,12,8,10
2015-06-12,87,57,87,14,10,11
2015-06-13,98,57,92,17,5,9
2015-06-14,111,41,73,14,6,6
2015-06-15,70,53,111,10,5,6
2015-06-16,110,59,100,9,5,8
2015-06-17,123,55,111,12,4,8
2015-06-18,108,53,51,17,5,10
2015-06-19,92,40,80,18,5,6
2015-06-20,75,38,95,14,5,8
2015-06-21,75,33,70,8,3,5
2015-06-22,74,34,63,9,3,5
2015-06-23,80,34,51,12,4,5
2015-06-24,76,28,47,10,3,5
2015-06-25,70,43,71,22,7,6
2015-06-26,79,38,103,16,4,6
2015-06-27,75,39,101,12,4,6
2015-06-28,87,25,81,8,4,4
2015-06-29,51,38,58,22,5,7
2015-06-30,76,36,99,18,6,8
2015-01-01,53,38,25,31,38,5
2015-01-02,76,52,30,22,28,8
2015-01-03,111,132,21,62,57,22
2015-01-04,207,121,23,50,31,14
2015-01-05,194,46,29,27,30,4
2015-01-06,75,46,27,33,34,6
2015-01-07,86,53,27,43,47,8
2015-01-08,107,83,17,59,61,14
2015-01-09,155,85,27,51,48,13
2015-01-10,160,56,23,31,33,6
2015-01-11,108,52,19,55,64,8
2015-01-12,100,49,32,30,42,9
2015-01-13,104,54,34,29,32,10
2015-01-14,136,93,19,40,39,11
2015-01-15,181,69,14,23,30,8
2015-01-16,151,38,16,21,46,5
2015-01-17,78,92,22,26,32,11
2015-01-18,164,39,21,25,40,5
2015-01-19,81,48,21,13,29,6
2015-01-20,87,64,21,26,31,9
2015-01-21,136,46,22,26,45,7
2015-01-22,109,71,23,22,37,8
2015-01-23,156,80,17,29,37,9
2015-01-24,155,67,16,25,29,10
2015-01-25,152,65,17,23,35,11
2015-01-26,139,28,23,45,29,4
2015-01-27,55,49,21,60,45,5
2015-01-28,91,61,18,28,54,8
2015-01-29,133,30,25,16,30,4
2015-01-30,62,44,21,21,43,5
2015-01-31,70,69,18,35,70,13
2015-02-01,139,134,18,49,87,25
2015-02-02,224,123,18,45,66,23
2015-02-03,213,60,24,27,51,8
2015-02-04,124,28,27,19,31,4
2015-02-05,61,59,31,22,33,8
2015-02-06,129,71,26,18,27,5
2015-02-07,95,55,27,15,32,3
2015-02-08,57,67,24,26,38,8
2015-02-09,118,128,20,40,59,17
2015-02-10,198,68,17,35,65,11
2015-02-11,136,38,17,21,46,6
2015-02-12,80,32,29,16,33,5
2015-02-13,72,104,33,29,45,12
2015-02-14,184,82,29,23,30,10
2015-02-15,169,95,28,30,45,14
2015-02-16,185,48,23,19,34,8
2015-02-17,109,31,21,15,41,6
2015-02-18,70,65,26,19,50,8
2015-02-19,141,46,24,14,32,7
2015-02-20,121,49,23,16,31,8
2015-02-21,120,415,21,13,38,12
2015-02-22,172,103,17,20,60,15
2015-02-23,131,67,23,19,39,14
2015-02-24,110,75,21,19,26,13
2015-02-25,145,26,23,14,37,11
2015-02-26,60,34,17,15,34,7
2015-02-27,64,37,31,19,33,5
2015-02-28,84,93,35,16,25,6
2015-03-01,124,95,36,26,37,7
2015-03-02,158,55,30,17,25,6
2015-03-03,80,35,31,15,28,3
2015-03-04,51,44,40,21,44,5
2015-03-05,100,47,38,14,25,4
2015-03-06,108,82,39,25,42,8
2015-03-07,167,75,41,22,30,6
2015-03-08,163,37,31,12,13,4
2015-03-09,48,51,32,19,29,5
2015-03-10,70,46,31,19,31,6
2015-03-11,90,50,33,24,35,6
2015-03-12,97,61,34,31,44,7
2015-03-13,116,63,42,23,40,6
2015-03-14,136,88,37,25,30,11
2015-03-15,151,96,39,27,27,10
2015-03-16,160,77,30,33,37,9
2015-03-17,156,55,36,33,41,8
2015-03-18,109,114,55,39,39,16
2015-03-19,165,219,46,56,57,18
2015-03-20,221,145,36,45,43,15
2015-03-21,191,127,38,24,22,5
2015-03-22,74,57,31,26,33,7
2015-03-23,84,49,47,21,18,6
2015-03-24,93,62,45,25,21,6
2015-03-25,126,90,41,35,28,9
2015-03-26,166,74,69,21,25,8
2015-03-27,148,75,42,21,15,8
2015-03-28,145,88,53,29,24,11
2015-03-29,164,54,54,20,10,9
2015-03-30,126,65,49,31,10,9
2015-03-31,139,59,44,30,16,7
2014-10-01,85,31,37,10,2,5
2014-10-02,68,25,33,15,6,4
2014-10-03,63,42,37,22,11,8
2014-10-04,89,51,48,25,12,7
2014-10-05,101,40,41,16,6,4
2014-10-06,73,42,59,19,5,6
2014-10-07,84,64,65,18,7,8
2014-10-08,136,53,61,15,5,6
2014-10-09,106,69,47,30,13,10
2014-10-10,148,59,47,19,3,7
2014-10-11,109,50,22,16,5,4
2014-10-12,81,57,32,9,3,3
2014-10-13,64,54,37,17,11,6
2014-10-14,93,62,56,15,16,7
2014-10-15,116,40,32,11,4,3
2014-10-16,58,51,40,15,9,6
2014-10-17,88,98,51,26,9,10
2014-10-18,169,50,47,12,2,4
2014-10-19,80,29,35,17,7,5
2014-10-20,66,94,35,29,29,9
2014-10-21,168,96,31,36,26,10
2014-10-22,171,95,43,28,12,11
2014-10-23,173,97,60,22,5,10
2014-10-24,166,74,67,16,7,7
2014-10-25,139,72,53,13,7,4
2014-10-26,110,63,19,19,24,4
2014-10-27,100,69,36,34,22,11
2014-10-28,135,62,26,34,11,11
2014-10-29,130,47,31,28,5,9
2014-10-30,96,101,30,43,24,13
2014-10-31,188,141,28,46,39,17
2014-11-01,242,41,24,22,26,5
2014-11-02,82,37,21,25,37,7
2014-11-03,69,58,28,29,34,8
2014-11-04,127,78,34,32,27,9
2014-11-05,212,59,19,19,24,5
2014-11-06,116,47,21,21,36,5
2014-11-07,86,56,16,33,62,8
2014-11-08,120,64,34,31,35,9
2014-11-09,140,100,50,32,39,12
2014-11-10,184,109,43,32,32,10
2014-11-11,190,41,24,15,15,3
2014-11-12,63,45,27,27,32,8
2014-11-13,74,50,20,32,55,8
2014-11-14,92,48,27,28,39,9
2014-11-15,93,53,24,33,41,9
2014-11-16,121,79,32,37,48,10
2014-11-17,168,63,20,45,53,13
2014-11-18,138,82,29,41,46,13
2014-11-19,164,75,41,22,24,10
2014-11-20,160,140,19,41,66,18
2014-11-21,236,135,15,42,61,19
2014-11-22,219,91,29,28,35,11
2014-11-23,154,83,14,31,42,11
2014-11-24,159,62,18,34,48,8
2014-11-25,133,57,24,24,30,9
2014-11-26,109,72,7,32,42,12
2014-11-27,147,71,8,31,38,11
2014-11-28,160,85,16,32,39,15
2014-11-29,165,66,17,25,34,10
2014-11-30,132,71,24,13,15,2
2014-12-01,67,46,22,26,35,5
2014-12-02,61,32,19,33,36,4
2014-12-03,60,33,19,40,30,4
2014-12-04,57,40,18,61,36,5
2014-12-05,65,40,19,63,40,5
2014-12-06,73,46,19,61,38,7
2014-12-07,90,64,13,96,66,9
2014-12-08,133,58,24,35,42,10
2014-12-09,117,66,20,34,39,11
2014-12-10,146,52,21,32,26,4
2014-12-11,95,40,15,21,32,5
2014-12-12,76,39,17,32,40,5
2014-12-13,69,57,11,38,53,10
2014-12-14,119,77,10,49,37,13
2014-12-15,151,45,17,22,22,4
2014-12-16,79,33,24,26,25,4
2014-12-17,53,38,20,17,33,6
2014-12-18,77,75,26,35,23,9
2014-12-19,146,41,20,26,25,5
2014-12-20,74,30,17,24,27,6
2014-12-21,62,47,18,36,44,10
2014-12-22,94,79,15,57,52,12
2014-12-23,155,64,24,44,31,8
2014-12-24,107,43,20,41,37,7
2014-12-25,77,40,19,29,42,7
2014-12-26,85,70,22,44,44,9
2014-12-27,147,229,9,78,52,24
2014-12-28,306, , , , , 
2014-07-01,97,140,47,18,7,10
2014-07-02,175,103,42,26,7,11
2014-07-03,162,53,43,16,2,5
2014-07-04,113,32,42,11,2,4
2014-07-05,67,25,50,13,2,4
2014-07-06,57,44,58,25,7,6
2014-07-07,88,38,50,16,5,5
2014-07-08,77,42,42,30,7,7
2014-07-09,79,51,44,41,11,10
2014-07-10,86,60,47,29,6,7
2014-07-11,105,43,44,37,6,5
2014-07-12,68,52,70,30,8,8
2014-07-13,96,76,92,30,11,9
2014-07-14,160,103,70,18,7,8
2014-07-15,160,50,58,16,4,6
2014-07-16,92,50,61,16,3,6
2014-07-17,90,75,51,22,6,7
2014-07-18,126,63,56,27,5,8
2014-07-19,123,55,49,21,7,7
2014-07-20,104,44,53,12,4,5
2014-07-21,83,44,39,34,7,7
2014-07-22,85,58,52,39,11,13
2014-07-23,101,27,38,26,3,6
2014-07-24,57,21,42,20,3,6
2014-07-25,59,96,90,37,9,10
2014-07-26,152,103,97,43,7,13
2014-07-27,179,95,99,25,9,11
2014-07-28,174,60,68,15,4,8
2014-07-29,131,30,37,19,4,7
2014-07-30,66,31,39,24,2,6
2014-07-31,58,32,22,16,5,8
2014-08-01,72,40,30,26,14,8
2014-08-02,77,40,36,23,9,5
2014-08-03,66,57,57,27,9,7
2014-08-04,84,43,29,27,6,6
2014-08-05,66,58,63,43,13,19
2014-08-06,114,64,70,39,11,10
2014-08-07,124,59,56,32,11,9
2014-08-08,111,40,38,19,4,6
2014-08-09,67,45,60,28,7,8
2014-08-10,78,49,58,30,6,8
2014-08-11,92,42,64,29,8,7
2014-08-12,71,49,61,35,7,8
2014-08-13,78,52,59,23,7,8
2014-08-14,93,59,81,15,10,9
2014-08-15,121,78,91,19,7,11
2014-08-16,155,70,52,17,5,10
2014-08-17,153,51,37,28,4,9
2014-08-18,117,67,85,33,11,18
2014-08-19,145,82,99,34,13,20
2014-08-20,155,83,85,20,14,15
2014-08-21,163,114,97,20,20,14
2014-08-22,175,86,102,15,10,13
2014-08-23,157,51,41,20,3,9
2014-08-24,93,41,43,26,7,10
2014-08-25,86,44,99,34,11,12
2014-08-26,85,67,86,33,12,13
2014-08-27,131,35,42,21,8,5
2014-08-28,71,32,47,20,13,8
2014-08-29,72,47,52,28,8,6
2014-08-30,93,31,44,25,6,5
2014-08-31,65,31,42,21,8,6
2014-09-01,66,29,52,17,5,5
2014-09-02,65,33,38,27,7,8
2014-09-03,74,35,93,20,14,6
2014-09-04,73,61,79,28,10,9
2014-09-05,115,88,94,24,14,9
2014-09-06,160,63,61,20,10,7
2014-09-07,130,54,56,19,11,5
2014-09-08,103,38,47,24,8,5
2014-09-09,60,49,46,27,4,6
2014-09-10,75,47,61,30,5,6
2014-09-11,73,64,56,43,8,9
2014-09-12,99,54,49,30,3,8
2014-09-13,90,44,38,29,6,6
2014-09-14,77,46,29,29,4,6
2014-09-15,70,44,35,25,4,5
2014-09-16,67,52,41,30,8,11
2014-09-17,83,59,52,26,8,10
2014-09-18,93,69,86,13,7,11
2014-09-19,117,52,38,5,4,7
2014-09-20,93,30,35,7,6,6
2014-09-21,78,55,34,15,5,8
2014-09-22,119,33,43,29,2,6
2014-09-23,92,46,30,34,4,8
2014-09-24,90,37,37,36,6,5
2014-09-25,61,66,45,39,6,6
2014-09-26,76,51,33,28,5,6
2014-09-27,95,42,33,34,7,12
2014-09-28,103,37,24,20,4,9
2014-09-29,71,33,25,13,7,4
2014-09-30,56,44,42,14,6,6
2014-04-01,138,84,37,26,23,10
2014-04-02,150,65,31,17,11,6
2014-04-03,120,61,30,18,19,7
2014-04-04,119,62,29,13,8,5
2014-04-05,81,80,33,23,20,11
2014-04-06,127,84,44,18,18,7
2014-04-07,156,100,40,37,22,8
2014-04-08,164,76,38,30,3,7
2014-04-09,149,77,42,32,10,8
2014-04-10,137,81,31,43,13,9
2014-04-11,126,67,38,28,3,6
2014-04-12,125,64,47,31,2,8
2014-04-13,121,105,34,29,10,10
2014-04-14,164,116,45,32,15,9
2014-04-15,177,127,37,35,17,9
2014-04-16,166,71,36,30,5,13
2014-04-17,148,74,43,27,6,9
2014-04-18,127,73,45,26,8,6
2014-04-19,118,77,42,25,10,8
2014-04-20,138,82,47,36,15,11
2014-04-21,139,97,75,28,17,11
2014-04-22,162,128,65,22,25,11
2014-04-23,208,60,68,13,4,5
2014-04-24,106,61,73,13,4,6
2014-04-25,118,55,55,16,6,6
2014-04-26,105,30,64,14,3,7
2014-04-27,65,57,48,21,5,9
2014-04-28,101,64,65,24,10,8
2014-04-29,101,85,83,38,15,10
2014-04-30,126,93,103,29,19,10
2014-05-01,163,81,120,18,5,9
2014-05-02,124,59,66,20,7,8
2014-05-03,73,70,60,13,5,8
2014-05-04,67,57,37,16,2,8
2014-05-05,64,65,61,18,3,9
2014-05-06,84,78,63,19,3,10
2014-05-07,135,51,41,27,2,5
2014-05-08,93,64,48,29,3,7
2014-05-09,109,42,49,17,2,6
2014-05-10,67,44,62,8,1,1
2014-05-11,69,55,45,18,4,6
2014-05-12,103,66,87,19,9,5
2014-05-13,129,77,66,22,3,4
2014-05-14,103,69,36,29,6,9
2014-05-15,99,71,58,29,8,8
2014-05-16,123,73,44,44,6,6
2014-05-17,114,55,43,37,5,3
2014-05-18,84,65,53,15,2,4
2014-05-19,121,57,44,20,2,4
2014-05-20,102,73,49,25,3,6
2014-05-21,134,88,37,37,3,6
2014-05-22,134,58,51,28,3,8
2014-05-23,109,47,43,20,1,3
2014-05-24,78,49,41,22,3,5
2014-05-25,86,65,68,17,4,3
2014-05-26,82,100,49,28,12,7
2014-05-27,132,73,31,19,4,3
2014-05-28,85,71,61,24,13,6
2014-05-29,101,85,51,26,8,7
2014-05-30,120,77,45,13,3,6
2014-05-31,115,70,40,18,3,6
2014-06-01,136,67,48,19,8,6
2014-06-02,119,62,40,17,6,5
2014-06-03,93,54,29,18,3,5
2014-06-04,92,58,32,26,5,4
2014-06-05,97,49,28,20,2,3
2014-06-06,82,42,28,15,3,3
2014-06-07,76,27,29,15,4,4
2014-06-08,61,44,33,17,3,3
2014-06-09,81,41,23,13,3,3
2014-06-10,91,59,34,27,3,6
2014-06-11,114,46,31,26,5,4
2014-06-12,80,42,30,23,4,5
2014-06-13,65,43,33,23,6,4
2014-06-14,77,79,49,26,12,6
2014-06-15,129,106,49,21,17,9
2014-06-16,178,119, ,21,10,9
2014-06-17,188,50, ,8,5,4
2014-06-18,112,67,42,16,5,7
2014-06-19,129,47,38,19,2,6
2014-06-20,97,39,34,15,3,5
2014-06-21,88,53,38,18,3,5
2014-06-22,104,60,41,23,5,7
2014-06-23,117,51,42,18,9,7
2014-06-24,102,56,42,11,4,5
2014-06-25,107,61,47,7,3,5
2014-06-26,125,32,42,14,3,4
2014-06-27,70,40,40,14,5,5
2014-06-28,72,38,45,17,3,5
2014-06-29,69,52,47,16,4,5
2014-06-30,99,53,42,14,3,4
2014-01-01,141,76,14,21,40,9
2014-01-02,124,92,8,22,34,12
2014-01-03,134,54,11,26,44,8
2014-01-04,95,88,11,30,45,14
2014-01-05,157,103,17,36,38,18
2014-01-06,186,111,14,22,43,16
2014-01-07,189,53,17,16,34,5
2014-01-08,88,54,13,20,61,9
2014-01-09,95,83,12,27,52,14
2014-01-10,152,112,13,31,60,16
2014-01-11,189,75,16,19,37,8
2014-01-12,115,65,13,27,53,9
2014-01-13,126,74,11,25,61,13
2014-01-14,160,166,13,32,61,18
2014-01-15,250,160,16,27,50,19
2014-01-16,277,117,4,28,71,17
2014-01-17,200,84,12,25,50,17
2014-01-18,147,98,14,24,49,11
2014-01-19,168,99,15,19,29,10
2014-01-20,167,41,16,16,38,5
2014-01-21,85,58,11,21,54,8
2014-01-22,149,78,16,19,35,9
2014-01-23,163,78,16,25,45,11
2014-01-24,162,76,17,19,35,9
2014-01-25,135,51,18,15,45,4
2014-01-26,82,54,19,15,28,8
2014-01-27,86,39,19,13,24,3
2014-01-28,66,46,23,13,23,6
2014-01-29,79,77,17,19,38,12
2014-01-30,138,59,19,10,32,4
2014-01-31,100,68,19,15,40,8
2014-02-01,98,67,14,17,37,11
2014-02-02,134,42,19,11,22,2
2014-02-03,65,40,19,13,35,4
2014-02-04,88,34,23,11,31,4
2014-02-05,76,46,19,18,38,10
2014-02-06,104,71,10,25,59,8
2014-02-07,153,66,19,16,42,7
2014-02-08,139,45,22,9,22,4
2014-02-09,80,47,18,16,45,6
2014-02-10,95,76,17,27,60,12
2014-02-11,163,98,16,30,63,17
2014-02-12,186,79,13,29,59,9
2014-02-13,156,69,29,21,46,10
2014-02-14,146,102,23,22,53,12
2014-02-15,195,115,21,27,53,15
2014-02-16,204,68,19,17,29,8
2014-02-17,127,84,16,29,53,11
2014-02-18,160,82,20,23,53,10
2014-02-19,160,76,21,26,46,9
2014-02-20,157,95,21,25,37,10
2014-02-21,182,109,21,28,49,13
2014-02-22,192,125,23,30,55,14
2014-02-23,212,118,28,28,48,12
2014-02-24,193,98,24,25,36,12
2014-02-25,185,75,31,21,27,9
2014-02-26,170,62,25,19,20,8
2014-02-27,111,63,20,25,42,7
2014-02-28,96,73,14,26,53,10
2014-03-01,142,66,19,23,53,10
2014-03-02,133,89,16,28,39,13
2014-03-03,171,80,23,19,31,9
2014-03-04,162,53,18,16,28,6
2014-03-05,105,49,21,17,32,7
2014-03-06,95,55,19,23,40,8
2014-03-07,107,80,17,22,31,8
2014-03-08,151,63,16,20,36,8
2014-03-09,120,54,20,21,32,7
2014-03-10,101,105,35,27,40,11
2014-03-11,191,70,21,21,25,8
2014-03-12,107,58,21,20,35,5
2014-03-13,88,72,26,27,36,9
2014-03-14,138,101,15,29,49,14
2014-03-15,173,113,30,18,30,11
2014-03-16,183,133,53,27,35,19
2014-03-17,205,113,36,24,29,10
2014-03-18,162,84,29,29,48,9
2014-03-19,145,64,29,14,19,5
2014-03-20,71,75,27,25,33,7
2014-03-21,117,106,30,31,47,11
2014-03-22,182,127,37,34,49,14
2014-03-23,200,81,34,27,36,9
2014-03-24,156,56,35,16,12,9
2014-03-25,128,52,38,23,30,9
2014-03-26,114,139,39,32,36,14
2014-03-27,232,76,46,24,23,10
2014-03-28,133,83,38,25,19,11
2014-03-29,161,77,45,34,38,12
2014-03-30,160,89,44,35,51,13
2014-03-31,168,65,49,20,23,8
2019-12-31, ,51,21,20,13,11
2018-12-31, ,35,18,14,11,7
2017-09-10, ,46,59,16,7,11
2016-01-02, ,148, ,31,62,23
2014-12-31, ,25,24,19,36,4
2013-12-31, ,97,11,23,52,15
