date,qingdao_pm25,qingdao_pm10,qingdao_o3,qingdao_no2,qingdao_so2,qingdao_co
2020-11-01,165,77,33,22,4, 
2020-11-02,70,53,27,19,4, 
2020-11-03,51,55,38,23,6, 
2020-11-04,71,62,48,23,4, 
2020-11-05,83,82,40,32,5, 
2020-11-06,119,127,39,41,9, 
2020-11-07,156,86,29,25,4, 
2020-11-08,83,66,26,35,6, 
2020-11-09,73,57,40,29,5, 
2020-11-10,84,28,47,21,3, 
2020-11-11,42, , , , , 
2020-10-01,67,59,48,13,4, 
2020-10-02,93,53,33,23,7, 
2020-10-03,68,74,32,16,5, 
2020-10-04,69,46,33,19,6, 
2020-10-05,56,36,44,25,6, 
2020-10-06,70,61,47,35,5, 
2020-10-07,87,45,60,19,3, 
2020-10-08,61,44,46,22,3, 
2020-10-09,53,46,52,21,2, 
2020-10-10,60,47,54,20,3, 
2020-10-11,67,63,39,21,3, 
2020-10-12,94,42,41,21,4, 
2020-10-13,49,50,32,25,3, 
2020-10-14,77,44,43,19,3, 
2020-10-15,52,57,36,29,5, 
2020-10-16,106,64,50,28,6, 
2020-10-17,106,64,69,36,6, 
2020-10-18,104,82,91,41,7, 
2020-10-19,141,63,82,19,3, 
2020-10-20,109,92,66,21,4, 
2020-10-21,114,81,35,22,5, 
2020-10-22,72,55,34,23,6, 
2020-10-23,67,43,40,26,4, 
2020-10-24,63,66,73,25,8, 
2020-10-25,103,91,90,33,7, 
2020-10-26,146,120,66,46,6, 
2020-10-27,170,64,35,24,4, 
2020-10-28,71,70,30,34,5, 
2020-10-29,90,70,41,36,4, 
2020-10-30,95,59,41,30,4, 
2020-10-31,81,137,36,35,8, 
2020-09-01,73,61,82,19,5, 
2020-09-02,90,52,53,18,6, 
2020-09-03,77,48,94,17,4, 
2020-09-04,62,52,140,10,3, 
2020-09-05,98,69,127,20,5, 
2020-09-06,111,82,92,14,3, 
2020-09-07,144,66,79,21,3, 
2020-09-08,119,53,60,26,4, 
2020-09-09,86,59,52,29,4, 
2020-09-10,103,47,64,18,3, 
2020-09-11,86,32,46,18,2, 
2020-09-12,56,31,45,18,3, 
2020-09-13,51,32,44,18,3, 
2020-09-14,47,16,42,8,2, 
2020-09-15,28,60,88,16,3, 
2020-09-16,105,55,58,26,5, 
2020-09-17,64,48,79,22,4, 
2020-09-18,48,50,89,20,6, 
2020-09-19,75,77,124,15,6, 
2020-09-20,129,54,59,16,3, 
2020-09-21,97,32,56,14,3, 
2020-09-22,48,33,55,10,2, 
2020-09-23,50,48,54,23,3, 
2020-09-24,55,57,55,26,3, 
2020-09-25,85,44,42,18,3, 
2020-09-26,54,37,44,15,3, 
2020-09-27,43,25,47,13,2, 
2020-09-28,29,50,56,23,3, 
2020-09-29,63,55,49,15,4, 
2020-09-30,70,47,78,10,4, 
2020-08-01,74,37,54,10,2, 
2020-08-02,59,42,67,13,2, 
2020-08-03,63,16,35,8,1, 
2020-08-04,14,30,26,8,2, 
2020-08-05,28,29,33,12,2, 
2020-08-06,37,10,39,6,2, 
2020-08-07,13,26,41,11,2, 
2020-08-08,45,37,43,12,2, 
2020-08-09,60,34,59,14,2, 
2020-08-10,52,37,59,12,2, 
2020-08-11,64,26,81,7,1, 
2020-08-12,59,41,61,11,2, 
2020-08-13,63,20,34,13,2, 
2020-08-14,22,49,111,10,3, 
2020-08-15,94,57,100,11,2, 
2020-08-16,98,47,68,7,1, 
2020-08-17,68,55,69,7,1, 
2020-08-18,95,55,67,15,2, 
2020-08-19,89,56,38,16,3, 
2020-08-20,103,29,23,17,2, 
2020-08-21,57,36,68,15,2, 
2020-08-22,48,23,31,8,2, 
2020-08-23,40,36,59,7,2, 
2020-08-24,61,44,48,13,3, 
2020-08-25,76,23,34,16,2, 
2020-08-26,41,44,31,13,3, 
2020-08-27,78,46,78,19,4, 
2020-08-28,74,44,62,14,3, 
2020-08-29,75,22,32,9,2, 
2020-08-30,37,38,77,8,2, 
2020-08-31,67,48,66,15,4, 
2020-07-01,108,28,48,11,3, 
2020-07-02,50,19,43,13,1, 
2020-07-03,34,34,50,19,2, 
2020-07-04,59,18,42,7,2, 
2020-07-05,34,45,43,12,2, 
2020-07-06,74,58,63,17,2, 
2020-07-07,112,39,52,10,2, 
2020-07-08,80,28,47,10,2, 
2020-07-09,75,46,71,16,3, 
2020-07-10,82,43,43,10,2, 
2020-07-11,77,15,52,7,2, 
2020-07-12,27,27,44,12,2, 
2020-07-13,40,52,79,17,3, 
2020-07-14,73,74,112,21,5, 
2020-07-15,128,62,76,10,2, 
2020-07-16,111,28,42,6,1, 
2020-07-17,67,11,41,5,1, 
2020-07-18,19,10,36,9,1, 
2020-07-19,21,41,85,13,2, 
2020-07-20,54,33,54,11,1, 
2020-07-21,47,16,43,9,1, 
2020-07-22,44,12,39,7,2, 
2020-07-23,26,41,99,15,3, 
2020-07-24,66,37,52,19,3, 
2020-07-25,51,19,34,13,2, 
2020-07-26,25,10,33,8,1, 
2020-07-27,17,14,48,8,2, 
2020-07-28,33,18,46,9,1, 
2020-07-29,33,16,46,6,1, 
2020-07-30,36,14,25,10,2, 
2020-07-31,20,46,73,12,2, 
2020-06-01,66,47,58,9,3, 
2020-06-02,73,73,83,11,4, 
2020-06-03,118,90,93,14,4, 
2020-06-04,116,57,62,8,2, 
2020-06-05,78,23,38,6,2, 
2020-06-06,54,44,81,10,4, 
2020-06-07,73,44,43,8,3, 
2020-06-08,72,42,46,6,3, 
2020-06-09,76,30,29,12,3, 
2020-06-10,61,31,35,14,3, 
2020-06-11,67,13,32,9,2, 
2020-06-12,31,17,40,8,2, 
2020-06-13,45,64,100,19,4, 
2020-06-14,108,65,79,26,4, 
2020-06-15,114,55,56,26,3, 
2020-06-16,87,48,49,14,2, 
2020-06-17,98, , , , , 
2020-06-22,42,14,42,10,3, 
2020-06-23,26,25,44,10,3, 
2020-06-24,51,31,86,11,3, 
2020-06-25,61,69,49,13,2, 
2020-06-26,106,41,44,10,3, 
2020-06-27,81,29,44,10,2, 
2020-06-28,56,26,45,16,3, 
2020-06-29,55,49,74,23,4, 
2020-06-30,73,64,82,25,7, 
2020-05-01,139,37,47,11,2, 
2020-05-02,77,19,38,11,2, 
2020-05-03,52,48,35,16,3, 
2020-05-04,64,37,48,17,3, 
2020-05-05,68,32,46,15,3, 
2020-05-06,60,44,56,12,3, 
2020-05-07,67,26,45,11,2, 
2020-05-08,40,30,43,11,2, 
2020-05-09,66,70,72,23,5, 
2020-05-10,149,66,35,28,3, 
2020-05-11,111,67,39,17,4, 
2020-05-12,63,60,55,14,3, 
2020-05-13,56,45,53,9,2, 
2020-05-14,39,59,67,17,2, 
2020-05-15,97,83,74,19,3, 
2020-05-16,159,50,70,11,3, 
2020-05-17,119,70,46,12,3, 
2020-05-18,72,58,48,16,4, 
2020-05-19,68,46,61,13,2, 
2020-05-20,68,39,53,9,2, 
2020-05-21,61,51,57,7,2, 
2020-05-22,70,56,71,9,2, 
2020-05-23,96,61,56,14,2, 
2020-05-24,117,52,49,17,4, 
2020-05-25,77,56,56,14,3, 
2020-05-26,104,52,58,13,3, 
2020-05-27,89,64,91,25,5, 
2020-05-28,110,47,67,8,3, 
2020-05-29,80,36,49,6,2, 
2020-05-30,69,24,49,6,2, 
2020-05-31,47,36,52,11,3, 
2020-04-01,64,46,38,28,5, 
2020-04-02,67,79,61,33,6, 
2020-04-03,144,101,43,19,5, 
2020-04-04,103,58,43,19,5, 
2020-04-05,67,57,44,20,4, 
2020-04-06,82,85,69,24,7, 
2020-04-07,133,52,45,11,3, 
2020-04-08,78,30,41,15,2, 
2020-04-09,55,57,36,26,3, 
2020-04-10,113,77,60,32,4, 
2020-04-11,146,94,65,27,8, 
2020-04-12,158,81,74,25,9, 
2020-04-13,133,75,49,19,4, 
2020-04-14,83,74,105,16,3, 
2020-04-15,85,58,87,15,2, 
2020-04-16,80,80,67,19,3, 
2020-04-17,84,61,72,16,2, 
2020-04-18,83,44,52,11,2, 
2020-04-19,70, , , , , 
2020-04-22,52,44,31,24,5, 
2020-04-23,63,51,37,20,5, 
2020-04-24,82,57,31,20,4, 
2020-04-25,75,46,36,21,3, 
2020-04-26,72,60,40,33,5, 
2020-04-27,100,63,71,20,4, 
2020-04-28,94,57,52,12,3, 
2020-04-29,90,73,69,14,4, 
2020-04-30,109,82,82,22,6, 
2020-03-01,136,63,37,19,5, 
2020-03-02,146,48,34,14,4, 
2020-03-03,90,47,31,17,5, 
2020-03-04,98,31,39,12,3, 
2020-03-05,76,33,44,7,3, 
2020-03-06,66,78,41,24,3, 
2020-03-07,135,49,40,13,2, 
2020-03-08,110,51,32,23,3, 
2020-03-09,108,65,33,16,3, 
2020-03-10,125,62,43,22,4, 
2020-03-11,89,88,50,17,3, 
2020-03-12,150,56,29,18,3, 
2020-03-13,83,74,37,27,5, 
2020-03-14,106,69,36,23,6, 
2020-03-15,82,45,36,11,2, 
2020-03-16,44,91,51,32,7, 
2020-03-17,140,110,82,22,7, 
2020-03-18,169,71,38,19,4, 
2020-03-19,62,72,50,18,4, 
2020-03-20,90,97,39,30,6, 
2020-03-21,155,47,46,21,4, 
2020-03-22,87,61,40,33,7, 
2020-03-23,93,44,46,16,3, 
2020-03-24,77,40,51,9,2, 
2020-03-25,69,51,43,14,3, 
2020-03-26,77,55,27,5,3, 
2020-03-27,32,44,27,11,3, 
2020-03-28,40,47,26,13,3, 
2020-03-29,45,50,49,12,3, 
2020-03-30,66,55,41,17,4, 
2020-03-31,84,62,34,17,3, 
2020-02-01,183,50,43,10,4, 
2020-02-02,112,50,40,10,4, 
2020-02-03,131,38,37,11,4, 
2020-02-04,95,30,31,8,5, 
2020-02-05,65,28,30,9,5, 
2020-02-06,69,36,31,13,5, 
2020-02-07,89,85,37,12,5, 
2020-02-08,174,105,35,24,7, 
2020-02-09,194,89,44,24,7, 
2020-02-10,175,50,46,11,4, 
2020-02-11,121,26,40,15,3, 
2020-02-12,75,47,37,10,2, 
2020-02-13,118,28,37,7,1, 
2020-02-14,59,19,28,7,2, 
2020-02-15,58,25,32,7,4, 
2020-02-16,59,26,32,10,4, 
2020-02-17,65,37,32,17,5, 
2020-02-18,78,49,37,17,5, 
2020-02-19,105,24,37,9,2, 
2020-02-20,55,39,35,17,3, 
2020-02-21,78,52,37,11,3, 
2020-02-22,63,69,57,8,3, 
2020-02-23,103,78,48,21,3, 
2020-02-24,149,40,25,21,3, 
2020-02-25,99,56,33,17,5, 
2020-02-26,104,36,34,16,5, 
2020-02-27,80,18,34,15,3, 
2020-02-28,50,38,32,17,3, 
2020-02-29,92,56,26,17,3, 
2020-01-01,120,97,13,39,10, 
2020-01-02,165,136,22,46,14, 
2020-01-03,213,177,24,61,21, 
2020-01-04,274,127,28,32,7, 
2020-01-05,212,26,35,21,3, 
2020-01-06,62,24,25,18,2, 
2020-01-07,71,53,28,21,6, 
2020-01-08,124,85,19,39,10, 
2020-01-09,167,95,26,46,10, 
2020-01-10,176,128,16,39,11, 
2020-01-11,220,53,25,21,6, 
2020-01-12,109,93,23,34,11, 
2020-01-13,169,58,26,22,7, 
2020-01-14,120,70,26,33,7, 
2020-01-15,144,97,23,35,9, 
2020-01-16,173,138,34,29,8, 
2020-01-17,232,176,32,35,11, 
2020-01-18,284,126,29,32,10, 
2020-01-19,216,92,24,37,8, 
2020-01-20,153,50,42,11,4, 
2020-01-21,82,28,40,16,4, 
2020-01-22,68,77,36,25,5, 
2020-01-23,157,96,30,16,5, 
2020-01-24,163,60,33,14,9, 
2020-01-25,144,72,33,14,7, 
2020-01-26,162,72,33,16,5, 
2020-01-27,159,71,27,14,5, 
2020-01-28,157,49,33,7,4, 
2020-01-29,117,37,33,4,4, 
2020-01-30,63,42,41,12,7, 
2020-01-31,102,95,41,22,9, 
2019-10-01,120,67,61,15,3, 
2019-10-02,125,66,96,22,4, 
2019-10-03,117,87,53,15,3, 
2019-10-04,134,38,37,10,3, 
2019-10-05,36,49,32,24,4, 
2019-10-06,69,63,51,22,5, 
2019-10-07,128,71,39,22,4, 
2019-10-08,111,63,62,21,4, 
2019-10-09,96,34,42,19,2, 
2019-10-10,78,44,38,21,2, 
2019-10-11,81,68,43,24,3, 
2019-10-12,118,76,57,24,3, 
2019-10-13,135,43,29,12,2, 
2019-10-14,57,45,32,20,3, 
2019-10-15,66,65,26,34,5, 
2019-10-16,108,90,45,36,8, 
2019-10-17,154,107,65,44,7, 
2019-10-18,172,110,100,35,7, 
2019-10-19,171,81,88,21,5, 
2019-10-20,150,106,77,33,6, 
2019-10-21,164,132,38,47,6, 
2019-10-22,175,109,67,46,4, 
2019-10-23,158,101,74,36,3, 
2019-10-24,161,54,39,16,2, 
2019-10-25,67,52,31,28,6, 
2019-10-26,80,71,43,30,7, 
2019-10-27,119,126,37,30,8, 
2019-10-28,147,80,32,28,6, 
2019-10-29,87,143,70,31,7, 
2019-10-30,129,155,52,50,9, 
2019-10-31,160,83,40,33,5, 
2019-11-01,105,58,41,32,3, 
2019-11-02,67,69,38,29,4, 
2019-11-03,93,50,27,20,3, 
2019-11-04,62,82,40,37,7, 
2019-11-05,137,108,61,40,6, 
2019-11-06,167,88,29,31,5, 
2019-11-07,117,53,28,34,5, 
2019-11-08,74,107,63,37,8, 
2019-11-09,159,91,54,19,4, 
2019-11-10,131,77,30,31,6, 
2019-11-11,92,69,45,20,3, 
2019-11-12,83,83,36,18,4, 
2019-11-13,102,68,34,20,4, 
2019-11-14,65,76,32,24,7, 
2019-11-15,75,72,50,11,3, 
2019-11-16,101,58,41,22,2, 
2019-11-17,105,96,23,13,4, 
2019-11-18,95,102,24,26,7, 
2019-11-19,116,104,33,31,7, 
2019-11-20,142,49,38,13,3, 
2019-11-21,58,38,36,15,3, 
2019-11-22,52,42,29,9,2, 
2019-11-23,64,49,24,13,2, 
2019-11-24,80,37,23,13,3, 
2019-11-25,56,61,25,27,6, 
2019-11-26,117,62,22,19,5, 
2019-11-27,93,38,25,17,3, 
2019-11-28,66,63,22,28,7, 
2019-11-29,122,71,14,34,5, 
2019-11-30,147,61,23,19,5, 
2019-12-01,122,52,20,22,6, 
2019-12-02,97,69,21,35,8, 
2019-12-03,113,89,23,38,13, 
2019-12-04,153,68,19,24,6, 
2019-12-05,126,51,22,24,6, 
2019-12-06,95,108,18,31,7, 
2019-12-07,179,112,40,32,10, 
2019-12-08,188,187,30,49,10, 
2019-12-09,245,171,26,43,8, 
2019-12-10,252,106,19,30,9, 
2019-12-11,176,58,23,28,8, 
2019-12-12,88,66,32,24,6, 
2019-12-13,111,67,22,29,6, 
2019-12-14,111,29,23,19,3, 
2019-12-15,59,31,30,15,2, 
2019-12-16,64,65,22,21,3, 
2019-12-17,131,43,23,19,4, 
2019-12-18,75,72,19,32,8, 
2019-12-19,141,80,24,31,6, 
2019-12-20,157,94,26,32,7, 
2019-12-21,171,81,22,31,5, 
2019-12-22,158,100,23,27,4, 
2019-12-23,188,65,33,29,5, 
2019-12-24,134,65,23,34,5, 
2019-12-25,139,63,25,21,4, 
2019-12-26,140,79,23,29,7, 
2019-12-27,144,77,39,25,7, 
2019-12-28,158,89,34,27,5, 
2019-12-29,169, , , , , 
2019-07-01,110,43,50,8,2, 
2019-07-02,74,42,52,8,2, 
2019-07-03,81,48,59,8,2, 
2019-07-04,83,61,51,6,1, 
2019-07-05,115,35,57,4,1, 
2019-07-06,64,40,51,5,1, 
2019-07-07,67,54,55,18,2, 
2019-07-08,90,42,47,11,2, 
2019-07-09,76,27,45,7,1, 
2019-07-10,60,45,56,8,2, 
2019-07-11,86,83,91,15,4, 
2019-07-12,108,95,107,18,3, 
2019-07-13,159,84,126,14,4, 
2019-07-14,153,90,123,16,3, 
2019-07-15,155,66,94,8,2, 
2019-07-16,121,34,35,7,2, 
2019-07-17,71,21,45,6,1, 
2019-07-18,29,17,23,5,2, 
2019-07-19,20,49,70,16,3, 
2019-07-20,78,56,78,14,4, 
2019-07-21,97,50,54,7,2, 
2019-07-22,107,34,42,6,2, 
2019-07-23,75,50,86,13,2, 
2019-07-24,102,51,48,13,3, 
2019-07-25,95,50,78,11,2, 
2019-07-26,95,35,56,6,1, 
2019-07-27,72,30,60,8,2, 
2019-07-28,48,41,47,7,2, 
2019-07-29,53,53,54,18,1, 
2019-07-30,84,39,57,10,3, 
2019-07-31,59,45,49,10,1, 
2019-08-01,76,25,36,7,1, 
2019-08-02,34,28,24,4,2, 
2019-08-03,49,30,36,5,2, 
2019-08-04,62,26,27,5,2, 
2019-08-05,33,23,26,5,2, 
2019-08-06,45,23,24,6,2, 
2019-08-07,41,29,34,6,2, 
2019-08-08,63,28,18,6,2, 
2019-08-09,44,30,28,3,3, 
2019-08-10,44,24,25,2,2, 
2019-08-11,29,20,24,8,2, 
2019-08-12,33,26,28,12,2, 
2019-08-13,48,30,30,10,2, 
2019-08-14,61,37,55,10,3, 
2019-08-15,65,50,97,18,4, 
2019-08-16,87,46,73,20,5, 
2019-08-17,70,44,61,23,3, 
2019-08-18,59,39,70,21,3, 
2019-08-19,40,42,70,16,3, 
2019-08-20,44,47,54,18,4, 
2019-08-21,72,69,103,21,6, 
2019-08-22,120,60,108,19,7, 
2019-08-23,97,74,102,26,6, 
2019-08-24,117,29,62,11,2, 
2019-08-25,49,23,50,7,2, 
2019-08-26,34,39,45,16,3, 
2019-08-27,59,71,120,20,6, 
2019-08-28,142,59,49,21,5, 
2019-08-29,83,38,83,16,4, 
2019-08-30,48,32,49,14,3, 
2019-08-31,44,24,46,8,2, 
2019-09-01,42,30,58,11,2, 
2019-09-02,47,42,60,21,2, 
2019-09-03,65,40,65,17,3, 
2019-09-04,64,55,95,22,4, 
2019-09-05,83,57,76,16,3, 
2019-09-06,97,48,79,16,3, 
2019-09-07,75,72,100,14,4, 
2019-09-08,135,51,74,14,3, 
2019-09-09,105,53,42,21,3, 
2019-09-10,92,53,42,21,4, 
2019-09-11,55,55,95,20,5, 
2019-09-12,54,32,57,7,2, 
2019-09-13,56,38,42,13,3, 
2019-09-14,53,44,38,26,4, 
2019-09-15,52,58,90,16,6, 
2019-09-16,91,55,42,27,4, 
2019-09-17,67,62,35,18,4, 
2019-09-18,60,37,41,19,4, 
2019-09-19,36,65,59,35,6, 
2019-09-20,85,55,63,19,3, 
2019-09-21,77,61,51,13,3, 
2019-09-22,69,52,69,22,5, 
2019-09-23,69,89,141,31,8, 
2019-09-24,152,106,117,22,3, 
2019-09-25,156,31,57,12,3, 
2019-09-26,58,30,73,13,3, 
2019-09-27,58,44,64,14,3, 
2019-09-28,72,59,85,17,4, 
2019-09-29,95,53,79,12,3, 
2019-09-30,89,66,91,13,3, 
2019-04-01,119,26,41,11,2, 
2019-04-02,45,42,46,18,1, 
2019-04-03,64,67,57,16,4, 
2019-04-04,116,180,54,20,4, 
2019-04-05,140,118,57,20,5, 
2019-04-06,159,70,47,15,3, 
2019-04-07,94,42,42,10,3, 
2019-04-08,53,28,44,12,2, 
2019-04-09,46,44,48,15,3, 
2019-04-10,93,65,42,35,4, 
2019-04-11,119,83,66,24,4, 
2019-04-12,164,82,67,14,2, 
2019-04-13,155,63,48,18,2, 
2019-04-14,102,81,76,24,5, 
2019-04-15,132,56,58,10,1, 
2019-04-16,72,57,65,10,1, 
2019-04-17,94,98,61,12,2, 
2019-04-18,112,67,44,20,2, 
2019-04-19,75,47,41,10,1, 
2019-04-20,87,55,32,13,1, 
2019-04-21,114,20,39,10,1, 
2019-04-22,51,15,39,7,1, 
2019-04-23,42,31,43,15,1, 
2019-04-24,69,58,43,12,1, 
2019-04-25,81,48,48,15,2, 
2019-04-26,70,48,47,19,3, 
2019-04-27,88,18,44,7,1, 
2019-04-28,39,33,46,10,1, 
2019-04-29,66,87,56,29,4, 
2019-04-30,133,72,54,20,4, 
2019-05-01,79,74,80,33,7, 
2019-05-02,107,75,97,30,7, 
2019-05-03,137,58,97,17,3, 
2019-05-04,99,75,79,16,3, 
2019-05-05,124,75,49,19,2, 
2019-05-06,67,81,73,28,6, 
2019-05-07,93,67,57,16,4, 
2019-05-08,106,67,106,18,6, 
2019-05-09,111,58,62,9,2, 
2019-05-10,98,43,53,7,1, 
2019-05-11,83,53,63,6,2, 
2019-05-12,98,84,40,13,2, 
2019-05-13,85,54,43,13,2, 
2019-05-14,101,33,43,6,1, 
2019-05-15,77,42,43,9,4, 
2019-05-16,95,26,45,6,1, 
2019-05-17,49,30,51,5,2, 
2019-05-18,51,56,48,15,1, 
2019-05-19,89,84,50,16,2, 
2019-05-20,68,78,79,31,4, 
2019-05-21,84,78,108,32,5, 
2019-05-22,113,87,115,38,6, 
2019-05-23,127,86,137,37,6, 
2019-05-24,147,62,87,8,2, 
2019-05-25,119,37,51,5,1, 
2019-05-26,70,50,39,11,2, 
2019-05-27,50,58,79,31,6, 
2019-05-28,83,65,105,31,4, 
2019-05-29,104,50,45,20,3, 
2019-05-30,92,67,102,18,2, 
2019-05-31,125,87,97,17,4, 
2019-06-01,159,57,92,10,3, 
2019-06-02,114,54,77,10,2, 
2019-06-03,113,42,61,11,1, 
2019-06-04,98,38,50,8,1, 
2019-06-05,83,26,51,6,1, 
2019-06-06,60,44,73,10,2, 
2019-06-07,85,44,61,12,2, 
2019-06-08,91,42,50,8,1, 
2019-06-09,78,52,54,11,2, 
2019-06-10,116,30,49,9,1, 
2019-06-11,65,25,47,4,1, 
2019-06-12,66,33,38,6,1, 
2019-06-13,55,29,42,6,1, 
2019-06-14,42,54,81,15,2, 
2019-06-15,88,45,43,22,2, 
2019-06-16,70,38,49,7,2, 
2019-06-17,79,49,56,4,1, 
2019-06-18,92,19,50,4,1, 
2019-06-19,38,27,43,7,1, 
2019-06-20,44,40,44,11,1, 
2019-06-21,78,62,100,17,2, 
2019-06-22,103,50,56,17,2, 
2019-06-23,96,28,40,4,1, 
2019-06-24,58,34,45,2,1, 
2019-06-25,52,37,45,3,2, 
2019-06-26,76,31,39,5,1, 
2019-06-27,69,45,42,7,1, 
2019-06-28,93,30,48,6,2, 
2019-06-29,67,59,71,11,2, 
2019-06-30,113,58,58,13,1, 
2019-01-01,167,127,17,46,17, 
2019-01-02,187,166,27,53,15, 
2019-01-03,213,185,20,54,10, 
2019-01-04,244,104,21,37,9, 
2019-01-05,167,82,23,36,7, 
2019-01-06,148,145,13,48,15, 
2019-01-07,197,102,22,34,11, 
2019-01-08,136,69,19,28,6, 
2019-01-09,106,83,23,30,6, 
2019-01-10,148,145,8,44,8, 
2019-01-11,214,154,21,37,6, 
2019-01-12,254,243,17,50,10, 
2019-01-13,309,250,17,50,8, 
2019-01-14,328,109,27,26,6, 
2019-01-15,142,56,22,27,8, 
2019-01-16,94,87,18,38,13, 
2019-01-17,152,113,23,39,11, 
2019-01-18,172,116,25,38,9, 
2019-01-19,184,65,27,24,9, 
2019-01-20,115,72,22,35,11, 
2019-01-21,122,108,17,43,16, 
2019-01-22,171,116,25,44,19, 
2019-01-23,177,64,34,24,7, 
2019-01-24,106,70,31,16,6, 
2019-01-25,96,64,27,26,10, 
2019-01-26,113,73,29,30,11, 
2019-01-27,141,86,26,25,13, 
2019-01-28,133,63,35,22,10, 
2019-01-29,107,107,31,27,10, 
2019-01-30,152,53,27,10,5, 
2019-01-31,67,91,30,8,6, 
2019-02-01,167,78,34,8,4, 
2019-02-02,162,107,24,17,9, 
2019-02-03,183,129,35,12,5, 
2019-02-04,143,112,41,9,4, 
2019-02-05,141,125,29,16,4, 
2019-02-06,172,55,29,4,3, 
2019-02-07,86,39,26,6,5, 
2019-02-08,66,53,27,7,6, 
2019-02-09,108,31,24,8,5, 
2019-02-10,65,76,32,14,6, 
2019-02-11,154,88,37,16,6, 
2019-02-12,173,79,46,20,4, 
2019-02-13,158,55,30,23,5, 
2019-02-14,129,63,37,13,4, 
2019-02-15,130,51,31,16,7, 
2019-02-16,86,61,31,27,12, 
2019-02-17,122,48,31,28,7, 
2019-02-18,103,99,28,24,6, 
2019-02-19,186,157,30,31,7, 
2019-02-20,278,126,44,37,9, 
2019-02-21,222,124,41,45,8, 
2019-02-22,209,121,56,44,12, 
2019-02-23,208,120,57,51,12, 
2019-02-24,194,106,41,39,10, 
2019-02-25,169,49,33,25,5, 
2019-02-26,76,52,35,32,5, 
2019-02-27,90,102,40,42,10, 
2019-02-28,171,146,55,58,12, 
2019-03-01,212,135,57,54,9, 
2019-03-02,204,111,42,33,9, 
2019-03-03,170,108,57,29,9, 
2019-03-04,167,86,75,19,5, 
2019-03-05,159,126,52,25,8, 
2019-03-06,186,68,37,24,7, 
2019-03-07,98,65,51,31,8, 
2019-03-08,130,28,38,10,3, 
2019-03-09,51,52,20,12,2, 
2019-03-10,88,69,26,9,2, 
2019-03-11,109,74,34,20,4, 
2019-03-12,80,65,37,27,5, 
2019-03-13,90,79,39,27,7, 
2019-03-14,119,62,39,22,4, 
2019-03-15,65,60,34,19,5, 
2019-03-16,90,75,45,26,4, 
2019-03-17,121,45,46,10,2, 
2019-03-18,67,78,73,19,5, 
2019-03-19,154,37,48,12,3, 
2019-03-20,64,45,38,12,3, 
2019-03-21,88,42,40,17,4, 
2019-03-22,68,49,38,18,4, 
2019-03-23,68,60,49,16,4, 
2019-03-24,100,97,48,26,7, 
2019-03-25,161,97,53,35,9, 
2019-03-26,153,99,63,24,8, 
2019-03-27,158,61,40,17,3, 
2019-03-28,80,24,38,12,3, 
2019-03-29,43,59,38,15,3, 
2019-03-30,67,49,42,18,5, 
2019-03-31,70,72,43,26,7, 
2018-10-01,57,61,82,41,9, 
2018-10-02,87,81,89,42,9, 
2018-10-03,126,67,104,29,15, 
2018-10-04,105,60,97,25,6, 
2018-10-05,80,74,142,19,5, 
2018-10-06,102,62,40,30,8, 
2018-10-07,68,61,62,31,8, 
2018-10-08,72,46,50,12,3, 
2018-10-09,60,41,33,16,6, 
2018-10-10,44,55,40,27,10, 
2018-10-11,79,65,51,38,10, 
2018-10-12,93,64,79,44,9, 
2018-10-13,98,54,60,40,7, 
2018-10-14,79,67,70,44,10, 
2018-10-15,102,89,72,40,12, 
2018-10-16,149,59,48,21,7, 
2018-10-17,83,56,38,23,7, 
2018-10-18,61,59,46,35,6, 
2018-10-19,79,59,62,37,6, 
2018-10-20,91,51,163,37,12, 
2018-10-21,74,128,70,36,10, 
2018-10-22,80,73,35,23,5, 
2018-10-23,97,88,74,32,8, 
2018-10-24,120,91,72,21,7, 
2018-10-25,126,74,40,11,4, 
2018-10-26,88,58,30,24,9, 
2018-10-27,62,71,38,30,10, 
2018-10-28,89,49,31,17,7, 
2018-10-29,55,53,32,26,6, 
2018-10-30,69,57,29,30,7, 
2018-10-31,74,85,48,50,18, 
2018-11-01,125,75,61,42,17, 
2018-11-02,130,44,45,35,8, 
2018-11-03,70,45,45,30,7, 
2018-11-04,69,60,38,24,6, 
2018-11-05,101,34,22,19,4, 
2018-11-06,64,52,24,22,7, 
2018-11-07,86,46,28,21,5, 
2018-11-08,99,73,59,28,15, 
2018-11-09,147,94,30,38,11, 
2018-11-10,161,71,31,31,8, 
2018-11-11,118,71,43,35,9, 
2018-11-12,112,91,74,44,12, 
2018-11-13,156,98,53,43,15, 
2018-11-14,162,80,57,38,12, 
2018-11-15,146,55,38,17,4, 
2018-11-16,78,57,65,28,7, 
2018-11-17,100,85,261,36,11, 
2018-11-18,155,96,33,35,11, 
2018-11-19,151,102,46,34,10, 
2018-11-20,172,94,26,32,10, 
2018-11-21,147,66,35,28,8, 
2018-11-22,112,72,46,27,11, 
2018-11-23,124,117,40,34,10, 
2018-11-24,185,120,52,41,14, 
2018-11-25,180,80,59,30,7, 
2018-11-26,137,236,35,34,9, 
2018-11-27,230,328,38,20,10, 
2018-11-28,158,181,32,25,6, 
2018-11-29,159,85,32,29,6, 
2018-11-30,96,134,40,19,7, 
2018-12-01,167,69,40,17,5, 
2018-12-02,98,192,20,22,5, 
2018-12-03,144,73,23,14,4, 
2018-12-04,77,71,22,24,5, 
2018-12-05,89,75,21,19,8, 
2018-12-06,119,50,24,13,5, 
2018-12-07,61,59,27,12,7, 
2018-12-08,70,76,22,27,11, 
2018-12-09,124,89,24,32,11, 
2018-12-10,152,89,19,23,7, 
2018-12-11,160,90,23,26,13, 
2018-12-12,110,88,29,27,14, 
2018-12-13,131,59,27,27,7, 
2018-12-14,87,63,32,33,9, 
2018-12-15,84,92,23,32,11, 
2018-12-16,145,118,27,37,15, 
2018-12-17,163,141,20,49,16, 
2018-12-18,170,315,18,69,17, 
2018-12-19,268,117,30,41,15, 
2018-12-20,168,194,25,38,10, 
2018-12-21,215,197,11,40,11, 
2018-12-22,235,113,22,32,8, 
2018-12-23,142,72,27,28,7, 
2018-12-24,101,120,23,37,10, 
2018-12-25,156,81,21,21,5, 
2018-12-26,94,59,22,16,5, 
2018-12-27,73,66,22,13,5, 
2018-12-28,67,62,23,20,8, 
2018-12-29,93,64,25,26,8, 
2018-12-30,104, , , , , 
2018-07-01,28,7,49,7,2, 
2018-07-02,22,16,18,10,3, 
2018-07-03,39,36,23,14,4, 
2018-07-04,63,28,29,7,2, 
2018-07-05,65,18,41,5,1, 
2018-07-06,56,12,35,6,1, 
2018-07-07,37,8,29,2, , 
2018-07-08,18,99,24,16,2, 
2018-07-09,26,29,10,17,3, 
2018-07-10,48,39,18,5,1, 
2018-07-11,43,51,23, , , 
2018-07-12,42,47,35,2,1, 
2018-07-13,57,51,66,7,2, 
2018-07-14,67,42,39,8,1, 
2018-07-15,58,29,26,7,2, 
2018-07-16,39,30,25,4,1, 
2018-07-17,40,28,23,4,1, 
2018-07-18,37,26,23,4, , 
2018-07-19,37,30,24,3,1, 
2018-07-20,54,40,34,5,2, 
2018-07-21,73,32,26,8,3, 
2018-07-22,55,53,29,3,1, 
2018-07-23,34,40,19,2, , 
2018-07-24,36,60,79,6,2, 
2018-07-25,97,75,72,16,2, 
2018-07-26,111,74,53,20,3, 
2018-07-27,130,55,46,6,1, 
2018-07-28,98,47,48,12,2, 
2018-07-29,81,124,30,21,5, 
2018-07-30,88,29,41,7,2, 
2018-07-31,46,39,76,14,4, 
2018-08-01,72,40,43,16,3, 
2018-08-02,68,31,36,10,2, 
2018-08-03,59,36,44,1, , 
2018-08-04,73,44,41,1, , 
2018-08-05,67,27,26,1,5, 
2018-08-06,51,26,29,1,1, 
2018-08-07,46,34,49,2,3, 
2018-08-08,53,51,76,12,2, 
2018-08-09,92,43,76,14,2, 
2018-08-10,63,32,56,15,2, 
2018-08-11,64,28,36,8,1, 
2018-08-12,58,29,17,1,4, 
2018-08-13,34,46,16, ,1, 
2018-08-14,39,32,37,1,1, 
2018-08-15,48,37,36,13,3, 
2018-08-16,60,35,31,10,2, 
2018-08-17,54,43,27,1,2, 
2018-08-18,39,32,23, ,1, 
2018-08-19,33,27,36,3,1, 
2018-08-20,33,38,85,18,7, 
2018-08-21,64,61,74,20,7, 
2018-08-22,99,62,59,17,8, 
2018-08-23,84,97,70,14,6, 
2018-08-24,85,47,63,20,5, 
2018-08-25,62,42,57,14,5, 
2018-08-26,59,39,45,10,5, 
2018-08-27,53,41,47,6,5, 
2018-08-28,49,48,56,17,8, 
2018-08-29,76,61,58,18,8, 
2018-08-30,87,37,45,14,5, 
2018-08-31,57,53,76,22,4, 
2018-09-01,83,34,65,19,3, 
2018-09-02,58,48,99,22,4, 
2018-09-03,88,95,74,20,5, 
2018-09-04,75,56,83,35,11, 
2018-09-05,75,78,100,31,10, 
2018-09-06,104,51,47,18,4, 
2018-09-07,56,47,65,27,5, 
2018-09-08,57,51,61,27,5, 
2018-09-09,63,51,63,26,7, 
2018-09-10,70,50,54,24,5, 
2018-09-11,76,37,47,21,8, 
2018-09-12,57,42,67,20,5, 
2018-09-13,53,64,45,33,5, 
2018-09-14,82,63,44,33,4, 
2018-09-15,92,55,27,26,3, 
2018-09-16,87,48,64,25,8, 
2018-09-17,66,65,93,35,10, 
2018-09-18,86,42,83,10,3, 
2018-09-19,85,27,45,19,2, 
2018-09-20,48,72,82,25,3, 
2018-09-21,120,95,95,40,9, 
2018-09-22,147,67,81,28,8, 
2018-09-23,83,53,63,33,7, 
2018-09-24,65,54,47,23,6, 
2018-09-25,68,53,55,28,5, 
2018-09-26,69,57,62,24,7, 
2018-09-27,73,46,52,27,6, 
2018-09-28,60,75,97,34,10, 
2018-09-29,118,70,47,22,5, 
2018-09-30,70,55,49,22,4, 
2018-04-01,45,56,48,11,3, 
2018-04-02,71,108,34,15,4, 
2018-04-03,118,64,42,10,3, 
2018-04-04,60,58,37,11,4, 
2018-04-05,77,104,47,9,4, 
2018-04-06,96,49,36,13,4, 
2018-04-07,50,84,60,13,6, 
2018-04-08,69,71,87,10,4, 
2018-04-09,62,144,57,22,8, 
2018-04-10,125,101,49,16,5, 
2018-04-11,70,62,43,24,6, 
2018-04-12,72,52,46,12,4, 
2018-04-13,45,1, , , , 
2018-04-14,1,1, , , , 
2018-04-15,1,25,43,5,1, 
2018-04-16,17,95,83,13,4, 
2018-04-17,72,99,98,12,5, 
2018-04-18,104,87,109,16,6, 
2018-04-19,99,40,60,8,2, 
2018-04-20,56,57,37,8,3, 
2018-04-21,66,41,30,12,4, 
2018-04-22,53,32,45,7,3, 
2018-04-23,36,54,51,9,4, 
2018-04-24,70,78,71,21,12, 
2018-04-25,122,101,54,23,10, 
2018-04-26,150,91,76,23,7, 
2018-04-27,105,88,81,27,9, 
2018-04-28,109,81,46,16,9, 
2018-04-29,114,53,25,13, , 
2018-04-30,78,61,18,26, , 
2018-05-01,102,47,48,10,3, 
2018-05-02,62,39,39,14,3, 
2018-05-03,35,54,51,19,5, 
2018-05-04,57,84,44,17,4, 
2018-05-05,130,50,48,13,4, 
2018-05-06,61,69,60,21,5, 
2018-05-07,85,87,54,25,5, 
2018-05-08,95,64,52,30,6, 
2018-05-09,77,41,41,9,2, 
2018-05-10,57,36,42,7, , 
2018-05-11,51,51,40,11,3, 
2018-05-12,79,51,41,9,3, 
2018-05-13,75,76,60,10,4, 
2018-05-14,106,43,45,11,3, 
2018-05-15,73,57,52,12,4, 
2018-05-16,74,58,38,16,4, 
2018-05-17,49,59,57,20,6, 
2018-05-18,71,43,48,40,8, 
2018-05-19,67,29,42,16, , 
2018-05-20,51,32,41,15,4, 
2018-05-21,50,27,43,13,3, 
2018-05-22,50,84,62,18,9, 
2018-05-23,104,96,79,20,9, 
2018-05-24,127,65,45,16,5, 
2018-05-25,101,33,44,11,4, 
2018-05-26,62,46,51,14,7, 
2018-05-27,77,55,49,12,4, 
2018-05-28,90,59,40,17,5, 
2018-05-29,95,59,85,25,5, 
2018-05-30,89,40,109,24,5, 
2018-05-31,69,26,67,16,4, 
2018-06-01,59,25,54,10,4, 
2018-06-02,58,30,49,7,4, 
2018-06-03,63,37,48,7,5, 
2018-06-04,71,25,37,3,3, 
2018-06-05,59,55,71,5,4, 
2018-06-06,95,54,86,6,1, 
2018-06-07,101,51,57,9,1, 
2018-06-08,92,42,55,6, , 
2018-06-09,81,36,45,4,1, 
2018-06-10,74,43,59,9,1, 
2018-06-11,76,38,50,6,1, 
2018-06-12,70,56,63,11,2, 
2018-06-13,80,46,60,10,1, 
2018-06-14,59,37,35,12,1, 
2018-06-15,66,33,36,7,1, 
2018-06-16,55,27,35,4, , 
2018-06-17,45,38,34,3,1, 
2018-06-18,58,31,51,5,1, 
2018-06-19,49,56,73,12,4, 
2018-06-20,85,62,102,13,4, 
2018-06-21,93,52,65,25,3, 
2018-06-22,72,50,88,21,4, 
2018-06-23,73,41,77,18,2, 
2018-06-24,61,30,47,6, , 
2018-06-25,54,41,38,8,1, 
2018-06-26,56,55,68,9,2, 
2018-06-27,82,41,79,20,2, 
2018-06-28,61,48,85,26,4, 
2018-06-29,82,38,53,15,1, 
2018-06-30,73,14,54,13,1, 
2018-01-01,173,80,28,22,9,9
2018-01-02,126,53,27,11,8,6
2018-01-03,77,49,27,14,8,6
2018-01-04,85,61,27,15,10,8
2018-01-05,111,4,1,1, , 
2018-01-06,7,1, , , , 
2018-01-07,1,1, , , , 
2018-01-08,1,1, , , , 
2018-01-09,1,1, , , , 
2018-01-10,1,1, , , , 
2018-01-11,1,1, , , , 
2018-01-12,1,1, , , , 
2018-01-13,1,1, , , , 
2018-01-14,1,1, , , , 
2018-01-15,1,1, , , , 
2018-01-16,1,1, , , , 
2018-01-17,1,1, , , , 
2018-01-18,1,1, , , , 
2018-01-19,1,1, , , , 
2018-01-20,1,1, , , , 
2018-01-21,1,1, , , , 
2018-01-22,1,1, , , , 
2018-01-23,1,1, , , , 
2018-01-24,1,1, , , , 
2018-01-25,1,15,17,2,3, 
2018-01-26,23,45,19,14,7, 
2018-01-27,83,65,25,8,9, 
2018-01-28,130,78,26,13,10, 
2018-01-29,122,59,26,15,9, 
2018-01-30,91,78,14,25,18, 
2018-01-31,138,54,27,20,10, 
2018-02-01,94,74,24,17,8, 
2018-02-02,126,46,29,10,10, 
2018-02-03,72,47,29,15,10, 
2018-02-04,83,57,30,18,12, 
2018-02-05,100,35,28,12,7, 
2018-02-06,69,68,13,20,8, 
2018-02-07,121,58,27,8,6, 
2018-02-08,129,86,31,16,8, 
2018-02-09,160,68, ,10,7, 
2018-02-10,78,70,73,16,9, 
2018-02-11,105,78,26,4,7, 
2018-02-12,63,70,32,9,11, 
2018-02-13,102,78,26,12,9, 
2018-02-14,131,42,30,5,8, 
2018-02-15,79,67,36,5,13, 
2018-02-16,128,46,31,4,5, 
2018-02-17,88,22,32,2,3, 
2018-02-18,36,28,33,5,3, 
2018-02-19,52,65,29,10,5, 
2018-02-20,124,40,34,2,4, 
2018-02-21,72,88,30,9,5, 
2018-02-22,155,79,32,13,7, 
2018-02-23,144,57,30,8,5, 
2018-02-24,92,49,29,10,5, 
2018-02-25,81,61,35,8,3, 
2018-02-26,96,72,43,10,4, 
2018-02-27,117,50,67,15,3, 
2018-02-28,86,69,36,10,4, 
2018-03-01,82,53,32,3,2, 
2018-03-02,72,59,26,7,2, 
2018-03-03,102,39,23,7,2, 
2018-03-04,63,48,32,6,3, 
2018-03-05,67,56,29,13,5, 
2018-03-06,96,34,29,8,3, 
2018-03-07,55,56,29,10,3, 
2018-03-08,95,36,28,9,4, 
2018-03-09,62,99,29,21,5, 
2018-03-10,151,89,39,17,3, 
2018-03-11,151,49,59,7,2, 
2018-03-12,94,88,28,17,7, 
2018-03-13,131,68,6,12,3, 
2018-03-14,116,78,5,11,3, 
2018-03-15,110,45,17,5,3, 
2018-03-16,65,41,40,3,3, 
2018-03-17,60,29,40,1,2, 
2018-03-18,30,71,47,1,3, 
2018-03-19,102,57,32,1,4, 
2018-03-20,66,65,46,1,6, 
2018-03-21,94,46,51,2,7, 
2018-03-22,60,99,63,3,9, 
2018-03-23,130,118,69,5,6, 
2018-03-24,164,92,96,4,10, 
2018-03-25,115,64,50,4,3, 
2018-03-26,84,117,82,14,7, 
2018-03-27,152,106,63,20,6, 
2018-03-28,154,90,49,19,5, 
2018-03-29,108,63,56,25,5, 
2018-03-30,74,42,40,10,3, 
2018-03-31,57,45,39,11,2, 
2017-10-01,10,38,41,7,4,5
2017-10-02,39,30,25,12,3,4
2017-10-03,27,35,34,14,5,6
2017-10-04,57,46,29,17,5,8
2017-10-05,59,26,27,10,1,7
2017-10-06,53,35,44,12,2,8
2017-10-07,57,19,44,4,1,7
2017-10-08,38,25,48,5,1,6
2017-10-09,44,29,28,10,1,7
2017-10-10,50,30,33,9,2,3
2017-10-11,37,34,30,17,4,3
2017-10-12,50,56,49,24,5,6
2017-10-13,98,64,52,29,5,8
2017-10-14,119,47,39,26,4,6
2017-10-15,60,69,38,27,7,8
2017-10-16,111,57,28,25,4,6
2017-10-17,76,55,28,24,5,6
2017-10-18,77,78,58,23,8,10
2017-10-19,142,93,66,26,8,12
2017-10-20,165,97,74,36,7,17
2017-10-21,164,76,40,14,3,11
2017-10-22,105,47,42,10,2,5
2017-10-23,46,52,44,21,7,7
2017-10-24,79,66,57,32,6,8
2017-10-25,103,54,53,24,5,7
2017-10-26,79,81,59,30,6,11
2017-10-27,130,84,51,38,7,10
2017-10-28,137,82,39,10,4,7
2017-10-29,71,42,42,16,6,6
2017-10-30,57,68,96,25,10,9
2017-10-31,99,96,35,37,10,11
2017-11-01,151,95,86,26,9,12
2017-11-02,158,71,32,12,6,7
2017-11-03,80,33,30,12,5,5
2017-11-04,50,44,39,11,8,8
2017-11-05,62,49,42,12,4,6
2017-11-06,75,99,34,30,8,12
2017-11-07,145,89,28,23,8,7
2017-11-08,107,37,37,10,2,4
2017-11-09,31,57,31,11,4,5
2017-11-10,46,49,24,21,5,5
2017-11-11,56,54,36,24,5,6
2017-11-12,65,81,34,23,8,8
2017-11-13,129,61,24,21,7,6
2017-11-14,70,54,21,23,8,6
2017-11-15,72,49,31,16,5,6
2017-11-16,68,73,32,12,6,9
2017-11-17,108,35,26,7,4,4
2017-11-18,43,57,17,22,14,8
2017-11-19,100,87,22,27,15,11
2017-11-20,148,97,36,25,11,12
2017-11-21,160,82,28,16,8,8
2017-11-22,114,58,19,21,8,8
2017-11-23,75,61,26,16,10,7
2017-11-24,66,87,22,26,10,11
2017-11-25,123,83,26,22,11,10
2017-11-26,121,48,40,15,7,8
2017-11-27,75,83,45,12,7,10
2017-11-28,112,66,25,12,6,6
2017-11-29,60,51,22,16,8,7
2017-11-30,74,49,23,22,9,7
2017-12-01,67,70,39,19,10,11
2017-12-02,113,122,33,28,15,15
2017-12-03,175,54,25,12,11,8
2017-12-04,74,42,26,8,7,6
2017-12-05,57,97,27,25,13,12
2017-12-06,151,79,24,20,15,10
2017-12-07,129,35,21,14,9,6
2017-12-08,61,79,23,24,16,10
2017-12-09,125,79,33,16,15,8
2017-12-10,112,47,25,11,13,6
2017-12-11,62,40,10,19,7,8
2017-12-12,63,68,17,24,11,7
2017-12-13,116,66,9,26,12,7
2017-12-14,119,93,9,22,12,12
2017-12-15,165,67,28,13, ,6
2017-12-16,89,46,29,8,20,4
2017-12-17,65,109,21,22,13,8
2017-12-18,123,48,26,13,7,6
2017-12-19,65,102,19,24,14,12
2017-12-20,133,73,22,27,11,13
2017-12-21,123,115,20,36,16,19
2017-12-22,174,102,31,29,14,15
2017-12-23,170,99, ,20,13,13
2017-12-24,139,61,117,23,8,9
2017-12-25,82,93,15,29,15,16
2017-12-26,137,46,33,8,5,9
2017-12-27,73,52,38,6,3,7
2017-12-28,70,115,17,29,6,12
2017-12-29,160,113,26,17,7,10
2017-12-30,180,117,26,24,11,13
2017-12-31,173,112,37,18,9,12
2017-07-01,32,42,42,5,2,2
2017-07-02,61,54,71,9,2,5
2017-07-03,83,65,58,5,1,5
2017-07-04,115,64,64,5,1,5
2017-07-05,118,63,68,6,1,5
2017-07-06,95,38,48,7,1,5
2017-07-07,61,50,67,9,3,5
2017-07-08,77,35,33,8,1,4
2017-07-09,54,60,57,16,5,6
2017-07-10,100,71,94,15,6,7
2017-07-11,111,77,104,10,4,7
2017-07-12,132,66,91,11,4,6
2017-07-13,109,44,55,13,3,5
2017-07-14,68,20,30,9,1,4
2017-07-15,26,37,46,6,1,3
2017-07-16,46,60,75,11,6,5
2017-07-17,95,64,55,14,4,5
2017-07-18,101,70,82,11,4,5
2017-07-19,124,67,103,14,5,6
2017-07-20,108,64,104,16,7,6
2017-07-21,100,66,123,18,6,6
2017-07-22,106,84,132,16,5,7
2017-07-23,146,69,87,24,6,7
2017-07-24,120,61,109,15,4,7
2017-07-25,102,42,67,11,3,3
2017-07-26,63,40,44,12,2,4
2017-07-27,61,45,53,12,2,4
2017-07-28,75,51,106,13,4,3
2017-07-29,76,58,56,12,4,4
2017-07-30,93,27,30,6,1,3
2017-07-31,44,38,27,4,2,3
2017-08-01,46,38,26,2,1,2
2017-08-02,40,40,34,1,1,2
2017-08-03,39,54,65,6,2,5
2017-08-04,87,47,67,7,1,5
2017-08-05,83,70,129,12,3,7
2017-08-06,119,53,132,13,3,4
2017-08-07,88,59,115,15,3,6
2017-08-08,112,69,98,10,4,6
2017-08-09,120,66,84,20,6,5
2017-08-10,114,69,86,6,4,5
2017-08-11,127,53,69,5,2,4
2017-08-12,102,23,46,6,1,1
2017-08-13,26,22,24,7,2,1
2017-08-14,36,23,34,5,2,1
2017-08-15,35,38,39,14,3,2
2017-08-16,52,43,39,18,2,4
2017-08-17,62,58,64,13,3,4
2017-08-18,96,28,44,4,2,2
2017-08-19,48,30,49,8,3,2
2017-08-20,45,38,82,11,3,2
2017-08-21,59,19,44,3,1,2
2017-08-22,40,37,58,3,2,2
2017-08-23,47,37,51,9,3,3
2017-08-24,57,41,56,16,4,3
2017-08-25,55,52,113,14,9,3
2017-08-26,78,34,76,7,3,2
2017-08-27,46,31,55,5,3,3
2017-08-28,37,31,37,12,3,2
2017-08-29,42,32,42,14,2,5
2017-08-30,55,40,66,17,2,6
2017-08-31,64,52,100,18,4,8
2017-09-01,86,45,80,18,3,7
2017-09-02,78,30,63,10,2,7
2017-09-03,54,24,62,3,2,6
2017-09-04,39,12,44,6,1,5
2017-09-05,14,31,17,15,1,6
2017-09-06,48, , , , , 
2017-09-11,89,106,51,18,7,6
2017-09-12,73,44,60,24,4,6
2017-09-13,55,43,77,25,5,7
2017-09-14,61,47,72,15,4,8
2017-09-15,70,35,67,13,3,7
2017-09-16,44,73,120,19,8,12
2017-09-17,117,91,107,20,8,13
2017-09-18,137,82,116,16,7,11
2017-09-19,130,46,58,21,6,8
2017-09-20,60,40,53,7,2,6
2017-09-21,32,57,96,10,5,10
2017-09-22,85,73,82,16,5,8
2017-09-23,80,53,74,8,4,10
2017-09-24,84,39,67,4,2,7
2017-09-25,60,28,54,8,1,7
2017-09-26,51,43,37,12,3,6
2017-09-27,50,43,39,17,7,7
2017-09-28,50,55,68,22,6,8
2017-09-29,71,57,71,9,5,9
2017-09-30,78,16,36,10,2,6
2017-04-01,143,74,64,16,8,8
2017-04-02,120,88,85,17,8,9
2017-04-03,135,66,73,10,5,7
2017-04-04,117,42,49,8,1,6
2017-04-05,74,68,44,14,2,9
2017-04-06,135,34,47,6,1,9
2017-04-07,70,65,52,17,3,10
2017-04-08,107,74,39,13,6,5
2017-04-09,84,66,48,20,7,6
2017-04-10,72,62,44,15,6,7
2017-04-11,58,71,55,20,5,7
2017-04-12,58,92,71,13,7,9
2017-04-13,121,66,64,13,4,8
2017-04-14,80,83,84,15,6,10
2017-04-15,136,79,88,14,6,8
2017-04-16,122,58,87,14,3,8
2017-04-17,100,96,56,11,4,7
2017-04-18,89,71,61,19,4,4
2017-04-19,55,59,61,11,2,5
2017-04-20,71,59,74,10,2,5
2017-04-21,73,74,80,11,8,5
2017-04-22,89,70,98,9,5,5
2017-04-23,100,72,85,8,3,4
2017-04-24,93,83,51,26,6,5
2017-04-25,133,65,57,14,3,3
2017-04-26,90,68,58,19,3,2
2017-04-27,54,75,75,11,5,3
2017-04-28,67,120,75,40,10,7
2017-04-29,130,108,107,17,7,7
2017-04-30,120,129,67,13,3,2
2017-05-01,94,82,40,12,4,3
2017-05-02,91,37,40,5,2,2
2017-05-03,59,47,41,12,2,4
2017-05-04,62,103,38,12,1,6
2017-05-05,97,160,52,18,5,6
2017-05-06,88,339,91,20,9,8
2017-05-07,170,144,63,15,7,8
2017-05-08,132,30,46,11,1,4
2017-05-09,31,50,49,10,1,5
2017-05-10,64,111,70,27,8,11
2017-05-11,144,303,44,16,4,6
2017-05-12,144,139,58,8,3,6
2017-05-13,101,102,50,30,8,6
2017-05-14,85,72,64,25,3,5
2017-05-15,61,75,87,11,5,8
2017-05-16,93,81,109,14,5,8
2017-05-17,96,92,107,12,4,8
2017-05-18,98,71,71,8,3,7
2017-05-19,71,52,58,4,1,6
2017-05-20,58,54,43,3,1,5
2017-05-21,69,40,41,2, ,6
2017-05-22,55,41,39,7,1,4
2017-05-23,48,64,96,11,7,5
2017-05-24,69,83,97,24,12,6
2017-05-25,90,59,63,20,5,4
2017-05-26,59,66,125,12,6,5
2017-05-27,89,83,119,13,6,5
2017-05-28,99,85,140,15,9,7
2017-05-29,129,55,75,6,3,3
2017-05-30,75,44,44,10,3,3
2017-05-31,77,53,72,7,2,3
2017-06-01,79,48,55,9,3,2
2017-06-02,51,25,45,7,2,1
2017-06-03,25,37,58,17,2,1
2017-06-04,41,70,51,9,2,2
2017-06-05,44,15,56,5, ,5
2017-06-06,23,45,81,6,1,6
2017-06-07,75,82,104,18,5,10
2017-06-08,136,81,120,18,7,9
2017-06-09,125,61,83,12,3,6
2017-06-10,90,54,40,24,4,3
2017-06-11,47,44,42,14,3,3
2017-06-12,44,46,41,18,4,5
2017-06-13,61,54,42,11,2,5
2017-06-14,69,79,123,18,7,9
2017-06-15,102,105,134,24,9,12
2017-06-16,154,61,113,10,5,8
2017-06-17,88,45,58,4,2,7
2017-06-18,73,42,40,4,1,5
2017-06-19,62,36,39,3,1,5
2017-06-20,59,28,43,2, ,4
2017-06-21,51,19,40,2,1,4
2017-06-22,42,21,41,1, ,4
2017-06-23,40,19,49,4, ,5
2017-06-24,33,53,50,10,2,6
2017-06-25,72,54,67,14,5,7
2017-06-26,85,40,42,9,2,6
2017-06-27,66,235,55,3,1,4
2017-06-28,61,91,98,6,1,6
2017-06-29,138,23,54,4, ,2
2017-06-30,32,22,52,5,1,3
2017-01-02,245,135,28,30,16,27
2017-01-03,217,194,6,44,24,26
2017-01-04,310,100,11,28,19,9
2017-01-05,159,68,16,25,20,5
2017-01-06,119,61,17,22,13,4
2017-01-07,116,59,25,8,9,5
2017-01-08,124,99,21,19,19,12
2017-01-09,175,76,21,17,19,7
2017-01-10,126,73,20,21,12,6
2017-01-11,115,135,26,22,24,13
2017-01-12,202,102,27,17,20,10
2017-01-13,145,61,23,12,15,4
2017-01-14,77,51,19,15,9,3
2017-01-15,79,78,13,27,17,7
2017-01-16,135,90,25,24,16,8
2017-01-17,141,110,16,24,19,10
2017-01-18,176,113,24,20,19,12
2017-01-19,176,54,30,5,7,2
2017-01-20,53,67,28,11,11,4
2017-01-21,96,54,29,5,8,4
2017-01-22,57,48,19,16,9,5
2017-01-23,71,71,24,22,10,9
2017-01-24,133,75,39,18,11,8
2017-01-25,144,89,36,5,10,7
2017-01-26,157,81,33,5,10,7
2017-01-27,108,33,34,2,5,1
2017-01-28,18,37,31,3,5,3
2017-01-29,59,39,31,2,4,2
2017-01-30,32,47,30,6,8,6
2017-01-31,72,68,32,5,11,5
2017-02-01,105,47,33,6,8,5
2017-02-02,63,81,32,14,9,10
2017-02-03,145,73,21,17,12,6
2017-02-04,125,127,39,12,20,12
2017-02-05,196,76,31,12,12,7
2017-02-06,123,55,27,10,9,4
2017-02-07,99,53,27,7,9,4
2017-02-08,90,59,34,5,7,4
2017-02-09,61,52,33,5,7,4
2017-02-10,57,65,36,12,16,5
2017-02-11,96,66,38,16,12,6
2017-02-12,117,104,40,19,18,9
2017-02-13,169,100,42,16,12,9
2017-02-14,151,82,59,8,12,7
2017-02-15,129,101,50,18,11,8
2017-02-16,173,55,31,12,7,4
2017-02-17,59,67,31,19,11,8
2017-02-18,95,78,30,15,7,6
2017-02-19,125,99,33,5,6,4
2017-02-20,82,49,37,9,5,3
2017-02-21,58,59,33,9,7,5
2017-02-22,119,78,37,13,14,8
2017-02-23,136,75,36,27,11,9
2017-02-24,113,109,37,31,17,12
2017-02-25,160,46,34,19,11,7
2017-02-26,72,61,33,14,11,6
2017-02-27,106,98,45,19,12,7
2017-02-28,165,86,39,11,8,3
2017-03-01,116,58,36,9,6,3
2017-03-02,68,88,35,21,9,6
2017-03-03,146,88,38,18,4,5
2017-03-04,152,102,32,15,5,5
2017-03-05,152,57,36,12,6,4
2017-03-06,75,66,36,11,5,3
2017-03-07,94,71,39,13,5,3
2017-03-08,77,69,46,19,9,4
2017-03-09,102,70,49,23,7,5
2017-03-10,138,72,41,12,1,3
2017-03-11,158,82,45,13,5,1
2017-03-12,123,73,33,9,4,2
2017-03-13,54,62,41,12,9,5
2017-03-14,72,64,55,15,9,5
2017-03-15,94,71,51,16,7,6
2017-03-16,123,65,49,12,6,5
2017-03-17,105,59,52,9,3,4
2017-03-18,88,75,62,21,7,7
2017-03-19,118,82,51,12,5,6
2017-03-20,131,78,36,14,5,5
2017-03-21,89,57,45,14,6,4
2017-03-22,74,46,57,10,3,3
2017-03-23,65,41,51,5,2,3
2017-03-24,70,52,33,7,1,4
2017-03-25,112,67,37,14,3,6
2017-03-26,132,53,42,16,5,5
2017-03-27,78,50,38,18,3,4
2017-03-28,76,48,49,10,2,3
2017-03-29,95,57,46,12,3,5
2017-03-30,95,75,49,11,3,5
2017-03-31,118,85,50,23,11,8
2016-10-01,48,26,33,9,5,5
2016-10-02,27,48,38,14,7,7
2016-10-03,68,51,52,10,8,7
2016-10-04,77,58,38,13,7,7
2016-10-05,88,45,35,12,6,6
2016-10-06,54,40,39,10,4,6
2016-10-07,47,54,34,8,6,8
2016-10-08,66,46,32,17,4,7
2016-10-09,54,54,39,24,5,7
2016-10-10,70,61,41,20,8,10
2016-10-11,87,70,52,15,9,10
2016-10-12,115,58,46,14,4,10
2016-10-13,89,72,66,17,8,13
2016-10-14,130,50,57,4,1,8
2016-10-15,79,40,48,11,3,7
2016-10-16,57,72,54,17,10,12
2016-10-17,147,78,54,21,10,12
2016-10-18,140,60,59,12,8,10
2016-10-19,105,57,50,10,7,10
2016-10-20,81,42,46,13,4,10
2016-10-21,62,48,22,13,5,10
2016-10-22,83,46,23,10,3,9
2016-10-23,68,47,11,16,5,11
2016-10-24,84,48,36,18,6,11
2016-10-25,91,70,22,30,10,14
2016-10-26,143,47,24,18,7,8
2016-10-27,54,42,28,10,3,5
2016-10-28,53,46,28,17,5,5
2016-10-29,63,54,35,17,5,9
2016-10-30,77,45,22,11,2,7
2016-10-31,55,51,27,18,9,9
2016-11-01,81,60,28,20,7,8
2016-11-02,109,74,39,16,7,7
2016-11-03,152,67,40,14,5,6
2016-11-04,124,76,33,25,13,10
2016-11-05,139,89,25,19,8,8
2016-11-06,171,67,21,17,9,6
2016-11-07,141,45,28,9,4,1
2016-11-08,69,45,25,20,9,3
2016-11-09,74,48,31,7,4,3
2016-11-10,78,76,32,12,8,7
2016-11-11,137,82,20,31,16,12
2016-11-12,131,84,44,22,13,9
2016-11-13,139,87,33,25,12,12
2016-11-14,151,63,22,20,10,6
2016-11-15,78,50,32,11,7,4
2016-11-16,58,56,50,12,10,6
2016-11-17,84,56,43,18,10,7
2016-11-18,105,72,15,19,15,9
2016-11-19,155,49,32,11,10,4
2016-11-20,67,42,33,11,8,4
2016-11-21,55,34,28,5,4,3
2016-11-22,42,46,21,13,12,7
2016-11-23,81,57,24,17,17,9
2016-11-24,117,62,25,25,12,9
2016-11-25,125,62,28,21,13,9
2016-11-26,121,91,21,20,16,11
2016-11-27,145,52,30,16,12,7
2016-11-28,86,73,26,27,22,11
2016-11-29,145,62,32,19,13,8
2016-11-30,106,78,28,16,21,12
2016-12-01,99,66,23,13,16,13
2016-12-02,115,85,43,10,16,13
2016-12-03,160,98,27,12,16,15
2016-12-04,173,103,20,9,17,14
2016-12-05,169,60,25,10,14,11
2016-12-06,93,88,27,25,19,15
2016-12-07,162,95,30,21,14,16
2016-12-08,174,50,23,13,9,9
2016-12-09,78,55,15,23,14,11
2016-12-10,89,50,32,18,12,15
2016-12-11,91,42,33,24,8,12
2016-12-12,70,46,22,9,7,13
2016-12-13,92,42,26,4,8,5
2016-12-14,50,70,25,9,21,6
2016-12-15,116,65,22,19,11,6
2016-12-16,97,85,34,13,14,8
2016-12-17,163,113,31,23,17,11
2016-12-18,186,176,17,55,34,19
2016-12-19,254,145,7,31,16,19
2016-12-20,238,114,21,18,14,13
2016-12-21,201,115,16,5,20,8
2016-12-22,167,79,23,4,19, 
2016-12-23,137,46,26,4,11, 
2016-12-24,65,62,5,11,14, 
2016-12-25,119,58,19,8,12,6
2016-12-26,124,47,25,8,11,7
2016-12-27,70,73,30,18,15,16
2016-12-28,146,91,21,19,19,19
2016-12-29,168,79,28,21,13,16
2016-12-30,153,96,34,28,19,16
2016-12-31,172,131,40,23,20,15
2017-01-01,208,146,16,29,20,23
2016-07-01,52,54,68,8,5,5
2016-07-02,89,56,45,5,3,4
2016-07-03,104,41,36,8,3,4
2016-07-04,74,49,37,15,4,5
2016-07-05,80,29,35,6,3,3
2016-07-06,54,13,31,3,3,2
2016-07-07,27,15,16,3,2,2
2016-07-08,24,19,15,4,2,2
2016-07-09,41,22,21,6,3,2
2016-07-10,33,18,23,5,3,1
2016-07-11,36,16,26,3,3,1
2016-07-12,38,22,33,9,5,2
2016-07-13,46,32,33,14, ,2
2016-07-14,58,28,28,15,10,2
2016-07-15,49,41,56,8,7,4
2016-07-16,90,56,58,15,10,5
2016-07-17,114,47,47,5,5,4
2016-07-18,101,31,41,6,3,2
2016-07-19,59,37,30,2,1,1
2016-07-20,59,44,53,5,4,3
2016-07-21,72,39,56,7,3,3
2016-07-22,67,47,67,7,3,3
2016-07-23,84,62,70,11,4,4
2016-07-24,123,37,44,7,3,2
2016-07-25,77,49,44,10,1,3
2016-07-26,72,53,57,9,2,4
2016-07-27,109,68,45,9,3,5
2016-07-28,128,52,56,10,7,4
2016-07-29,86,61,47,9,6,4
2016-07-30,115,33,28,2,3,1
2016-07-31,55,28,25,5,3,2
2016-08-01,44,36,32,10,3,2
2016-08-02,57,27,31,7,3,1
2016-08-03,48,31,31,9,3,1
2016-08-04,48,30,28,5,2,1
2016-08-05,55,24,30,4,2,1
2016-08-06,37,26,25,1,1,1
2016-08-07,50,23,23,7,2,1
2016-08-08,26,24,23,6,2,1
2016-08-09,28,26,30,5,4,1
2016-08-10,57,28,29,4,3,1
2016-08-11,57,29,30,5,2,1
2016-08-12,55,28,33,6,3,1
2016-08-13,53,38,34,9,4,2
2016-08-14,59,51,36,19,6,4
2016-08-15,79,42,61,18,6,4
2016-08-16,57,48,72,16,5,4
2016-08-17,73,35,41,5,3,3
2016-08-18,55,34,42,5,3,2
2016-08-19,55,33,37,13,3,3
2016-08-20,60,37,24,14,3,3
2016-08-21,62,48,76,12,5,4
2016-08-22,72,51,70,20,8,3
2016-08-23,67,52,75,16,6,3
2016-08-24,77,42,56,11,5,3
2016-08-25,60,34,44,11,2,1
2016-08-26,32,45,63,13,5,3
2016-08-27,54,52,62,12,6,4
2016-08-28,69,51,63,14,9,5
2016-08-29,63,45,42,14,5,3
2016-08-30,44,53,88,17,10,5
2016-08-31,68,64,87,12,14,6
2016-09-01,108,46,80,17,12,3
2016-09-02,54,62,97,19,15,6
2016-09-03,80,57,83,14,12,6
2016-09-04,91,85,124,14,17,10
2016-09-05,146,72,91,17,12,8
2016-09-06,129,56,67,14,9,7
2016-09-07,98,59,99,12,5,8
2016-09-08,106,71,105,18,9,8
2016-09-09,136,59,71,13,4,6
2016-09-10,91,51,63,9,6,6
2016-09-11,90,46,85,16,7,6
2016-09-12,84,63,78,18,12,7
2016-09-13,127,72,78,21,16,9
2016-09-14,144,50,47,8,9,6
2016-09-15,94,34,42,8,8,5
2016-09-16,62,53,55,15, ,6
2016-09-17,90,49,42,11,8,5
2016-09-18,47,49,44,8,5,5
2016-09-19,49,47,66,9,8,5
2016-09-20,60,55,73,22,10,6
2016-09-21,79,44,66,11,9,7
2016-09-22,61,41,58,6,7,6
2016-09-23,51,34,50,2,5,5
2016-09-24,44,35,47,2,5,5
2016-09-25,46,34,62,2,7,5
2016-09-26,50,41,35,23,7,6
2016-09-27,65,40,23,7,4,6
2016-09-28,40,47,31,15,6,7
2016-09-29,58,59,32,27,9,8
2016-09-30,89,37,45,9,8,7
2016-04-01,163,66,46,10,6,5
2016-04-02,111,59,22,9,9,4
2016-04-03,64,68,48,11,10,6
2016-04-04,78,61,38,9,10,5
2016-04-05,67,26,32,5,4,2
2016-04-06,30,61,36,10,13,7
2016-04-07,95,90,50,15,14,12
2016-04-08,166,102,63,17,12,12
2016-04-09,170,91,52,15,12,9
2016-04-10,148,42,41,6,7,4
2016-04-11,33,42,40,7,3,3
2016-04-12,45,53,39,9,6,6
2016-04-13,89,62,61,22,10,7
2016-04-14,142,54,48,6,5,3
2016-04-15,107,35,46,7,3,2
2016-04-16,57,48,30,13,9,4
2016-04-17,80,56,44,17,10,4
2016-04-18,99,36,43,9,8,3
2016-04-19,62,30,41,7,5,2
2016-04-20,55,78,75,29,16,8
2016-04-21,134,108,58,25,18,9
2016-04-22,164,183,39,19,9,4
2016-04-23,160,139,39,19,9,4
2016-04-24,154,96,52,14,9,3
2016-04-25,124,66,38,31,12,4
2016-04-26,95,71,25,29,15,6
2016-04-27,143,64,54,15,14,6
2016-04-28,115,60,59,28,13,5
2016-04-29,88,69,45,17,13,8
2016-04-30,145,73,73,20,13,8
2016-05-01,152,33,45,10,6,4
2016-05-02,78,31,49,6,6,3
2016-05-03,42,50,72,12,13,4
2016-05-04,67,45,49,14,8,5
2016-05-05,90,123,40,12,9,5
2016-05-06,124,74,48,21,19,5
2016-05-07,92,44,45,15,10,3
2016-05-08,54,32,27,25,10,4
2016-05-09,58,46,59,15,14,7
2016-05-10,103,88,84,37,19,12
2016-05-11,161,63,68,11,9,7
2016-05-12,127,36,39,13,8,4
2016-05-13,52,31,39,9,7,4
2016-05-14,58,30,33,10,7,6
2016-05-15,64,38,28,16,11,5
2016-05-16,60,65,67,21,17,7
2016-05-17,111,42,67,15,11,5
2016-05-18,76,43,55,18,14,5
2016-05-19,88,38,45,20,14,5
2016-05-20,80,50,45,44,15,6
2016-05-21,84,52,80,27,15,5
2016-05-22,92,44,41,20,11,6
2016-05-23,86,64,86,16,13,9
2016-05-24,128,80,65,23,13,9
2016-05-25,146,43,47,31,17,7
2016-05-26,72,60,33,33,15,8
2016-05-27,114,43,63,18,11,7
2016-05-28,110,31,56,12,8,5
2016-05-29,74,58,94,21,13,11
2016-05-30,119,54,48,19,13,8
2016-05-31,106,37,58,17,14,4
2016-06-01,57,38,54,26,15,5
2016-06-02,63,23,45,9,9,4
2016-06-03,59,14,55,7,8,4
2016-06-04,30,16,54,5,7,4
2016-06-05,39,23,52,6,9,4
2016-06-06,60,22,45,8,9,4
2016-06-07,68,28,53,14,12,6
2016-06-08,78,22,39,9,11,4
2016-06-09,68,17,34,4,9,4
2016-06-10,54,29,44,9,9,6
2016-06-11,76,26,48,14,17,5
2016-06-12,74,21,36,12,13,4
2016-06-13,56,21,63,7, ,5
2016-06-14,67,31,46,9,8,5
2016-06-15,69,44,107,12,10,6
2016-06-16,80,61,113,15,9,6
2016-06-17,103,32,46,7,2,4
2016-06-18,83,25,52,6,3,4
2016-06-19,57,25,54,8,4,4
2016-06-20,57,24,20,3,4,3
2016-06-21,50,26,29,5,4,4
2016-06-22,39,19,24,5,2,3
2016-06-23,23,32,46,6,2,4
2016-06-24,51,47,84,18,8,6
2016-06-25,81,67,75,22,9,6
2016-06-26,104,77,59,7,4,5
2016-06-27,127,26,41,3,1,3
2016-06-28,39,43,42,3,2,5
2016-06-29,71,65,47,7,2,6
2016-06-30,115,29,39,11,3,4
2016-01-04,170,75,29,31,41,15
2016-01-05,135,102,28,32,43,13
2016-01-06,174,87,33,29,37,13
2016-01-07,161,85,33,30,43,13
2016-01-08,160,135,34,40,45,16
2016-01-09,211,236,33,42,47,24
2016-01-10,313,75,35,19,24,11
2016-01-11,112,64,37,19,28,11
2016-01-12,123,96,35,29,42,14
2016-01-13,166,149,28,44,46,19
2016-01-14,213,322,19,51,48,31
2016-01-15,338,162,40,40,39,26
2016-01-16,236,152,36,27,26,20
2016-01-17,209,79,37,16,27,11
2016-01-18,135,68,39,18,25,10
2016-01-19,96,60,35,17,20,10
2016-01-20,91,78,36,24,27,12
2016-01-21,139,85,34,22,24,13
2016-01-22,150,69,38,12,17,9
2016-01-23,84,90,37,12,20,8
2016-01-24,81,82,37,27,35,13
2016-01-25,132,109,33,39,43,16
2016-01-26,165,123,30,32,38,19
2016-01-27,173,121,32,32,32,19
2016-01-28,180,92,37,23,23,13
2016-01-29,158,58,36,18,18,9
2016-01-30,104,66,36,21,29,12
2016-01-31,127,91,43,27,41,13
2016-02-01,156,92,40,32,42,16
2016-02-02,167,132,46,42,35,19
2016-02-03,193,174,40,51,42,21
2016-02-04,243,88,44,29,34,15
2016-02-05,146,70,43,21,30,14
2016-02-06,126,61,31,23,27,11
2016-02-07,103, , , , , 
2016-02-09,9,56,54,11,10,5
2016-02-11,94,72,38,13,11,7
2016-02-12,127,28,44,11,6,5
2016-02-13,25,34,43,11,9,5
2016-02-14,25,45,50,11,11,6
2016-02-15,54,56,49,12,12,6
2016-02-16,65,61,54,13,17,7
2016-02-17,86,73,31,13,15,8
2016-02-18,122,54,39,13,13,6
2016-02-19,62,64,42,13,15,8
2016-02-20,95,49,19,12,10,7
2016-02-21,64,89,30,13,6,8
2016-02-22,134,103,41,16,11,10
2016-02-23,156,58,29,13,10,8
2016-02-24,83,94,41,16,13,11
2016-02-25,162,110,47,16,15,11
2016-02-26,177,101,49,15,8,9
2016-02-27,170,93,46,14,8,8
2016-02-28,144,55,47,13,9,8
2016-02-29,54,60,46,13,9,7
2016-03-01,82,96,45,14,9,9
2016-03-02,148,183,72,16,12,11
2016-03-03,199,67,33,13,8,7
2016-03-04,107,92,35,16,9,10
2016-03-05,130,157,43,16,12,11
2016-03-06,144,119,38,13,12,7
2016-03-07,110,86,34,13,11,7
2016-03-08,100,56,40,12,8,6
2016-03-09,39,63,40,14,13,8
2016-03-10,72,76,46,13,10,8
2016-03-11,91,115,50,16,10,11
2016-03-12,165,68,45,13,5,8
2016-03-13,123,101,31,15,15,10
2016-03-14,135,79,47,15,10,10
2016-03-15,116,55,31,12,6,7
2016-03-16,53,56,46,13,5,7
2016-03-17,67,58,25,13,8,8
2016-03-18,76,120,55,15,12,10
2016-03-19,141,82,65,11,18,5
2016-03-20,123,65,67,11,17,4
2016-03-21,132,66,43,10,13,4
2016-03-22,141,67,41,6,13,2
2016-03-23,65, ,44,2,14,3
2016-03-24,63, ,45,5,13,3
2016-03-25,79,57,49,8,15,5
2016-03-26,95,63,43,9,15,5
2016-03-27,66,89,56,15,13,6
2016-03-28,127,86,44,14,12,5
2016-03-29,104,81,111,13,12,5
2016-03-30,114,86,76,14,11,7
2016-03-31,156,90,73,15,9,8
2015-10-01,111,83,96,27,18,8
2015-10-02,115,142,111,32,27,11
2015-10-03,169,80,83,16,11,6
2015-10-04,102,65,93,16,14,8
2015-10-05,109,57,80,16,15,7
2015-10-06,75,42,76,17,15,6
2015-10-07,57,83,46,31,24,10
2015-10-08,128,77,61,30,25,8
2015-10-09,89,86,42,24,20,8
2015-10-10,101,73,50,26,21,8
2015-10-11,88,84,68,36,23,11
2015-10-12,118,83,89,42,19,11
2015-10-13,130,118,116,31,23,14
2015-10-14,165,121,137,26,25,14
2015-10-15,173,78,93,22,18,9
2015-10-16,124,76,104,15,17,9
2015-10-17,125,81,105,16,18,11
2015-10-18,144,103,96,22,20,11
2015-10-19,157,89,109,17,18,11
2015-10-20,156,80,102,19,15,10
2015-10-21,148,101,80,16,17,11
2015-10-22,162,91,68,16,16,11
2015-10-23,159,117,65,24,22,16
2015-10-24,169,83,46,29,18,10
2015-10-25,99,93,26,41,20,15
2015-10-26,154,95,45,26,25,12
2015-10-27,129,97,44,35,28,15
2015-10-28,138,75,38,27,18,11
2015-10-29,101,69,36,26,20,12
2015-10-30,90,67,40,32,18,13
2015-10-31,105,102,39,35,27,14
2015-11-01,153,103,59,36,27,15
2015-11-02,163,111,82,27,23,16
2015-11-03,172,62,71,11,12,11
2015-11-04,93,61,57,23,14,11
2015-11-05,100,47,62,13,13,9
2015-11-06,65,80,29,21,14,13
2015-11-07,137,106,33,21,12,12
2015-11-08,185,96,39,25,15,14
2015-11-09,171,98,41,30,15,13
2015-11-10,163,116,49,34,17,15
2015-11-11,174,115,40,34,18,17
2015-11-12,172,73,37,31,14,14
2015-11-13,131,85,38,31,16,16
2015-11-14,146,96,47,33,21,19
2015-11-15,167,88,38,25,17,17
2015-11-16,158,81,34,23,20,14
2015-11-17,135,74,35,23,15,10
2015-11-18,120,82,32,28,17,11
2015-11-19,138,91,42,21,18,14
2015-11-20,152,75,48,21,14,16
2015-11-21,127,48,49,15,11,13
2015-11-22,80,54,31,15,10,10
2015-11-23,103,54,36,15,9,8
2015-11-24,77,67,34,17,16,12
2015-11-25,125,70,37,14,17,11
2015-11-26,117,71,38,26,27,12
2015-11-27,122,117,35,40,29,16
2015-11-28,170,148,36,44,33,21
2015-11-29,210,172,41,32,31,23
2015-11-30,249,105,50,22,16,16
2015-12-01,166,125,35,29,26,21
2015-12-02,191,70,33,16,21,10
2015-12-03,95,81,33,24,30,14
2015-12-04,128,120,19,44,53,21
2015-12-05,185,77,31,30,30,13
2015-12-06,148,101,27,39,31,16
2015-12-07,168,101,44,29,25,14
2015-12-08,154,55,52,12,17,8
2015-12-09,82,98,43,25,21,14
2015-12-10,151,66,34,19,20,9
2015-12-11,102,85,32,33,29,14
2015-12-12,151,105,34,35,36,17
2015-12-13,177,97,35,29,33,15
2015-12-14,175,153,33,39,47,23
2015-12-15,236,69,32,17,30,11
2015-12-16,93,68,28,24,39,14
2015-12-17,116,101,25,38,49,16
2015-12-18,159,143,34,36,44,18
2015-12-19,208,126,18,44,28,20
2015-12-20,202,281,20,59,50,32
2015-12-21,321,179,30,41,33,27
2015-12-22,294,172,32,40,31,21
2015-12-23,254,390,30,48,43,34
2015-12-24,410,213,30,44,36,30
2015-12-25,299,210,37,38,37,24
2015-12-26,267,56,32,16,22,11
2015-12-27,78,87,31,32,37,16
2015-12-28,137,136,38,28,38,19
2015-12-29,194,186,30,44,39,24
2015-12-30,245,152,35,44,38,24
2015-12-31,228, , , , , 
2015-07-01,156,111,92,22,23,14
2015-07-02,158,92,57,22,21,12
2015-07-03,159,62,45,19,18,10
2015-07-04,108,64,52,12,18,10
2015-07-05,96,78,54,12,16,11
2015-07-06,131,65,38,12,16,11
2015-07-07,124,73,63,22,23,12
2015-07-08,114,73,48,20,18,10
2015-07-09,98,53,37,14,17,10
2015-07-10,78,56,43,10,15,9
2015-07-11,71,39,42,12,19,9
2015-07-12,58,113,121,27,31,16
2015-07-13,157,111,76,31,23,14
2015-07-14,147,87,73,22,19,9
2015-07-15,123,71,62,9,15,8
2015-07-16,115,53,51,10,14,7
2015-07-17,80,48,52,10,9,7
2015-07-18,61,48,43,10,8,7
2015-07-19,77,38,40,10,8,7
2015-07-20,63,44,39,8,10,9
2015-07-21,72,35,30,6,11,8
2015-07-22,62,40,28,7,9,8
2015-07-23,70,47,30,7,12,8
2015-07-24,80,73,72,9,14,10
2015-07-25,121,86,54,8,12,10
2015-07-26,155,70,43,8,9,7
2015-07-27,143,70,55,12,11,6
2015-07-28,120,72,75,13,16,6
2015-07-29,124,75,84,13,15,6
2015-07-30,132,66,62,13,11,5
2015-07-31,113,67,58,12,17,9
2015-08-01,119,83,76,11,15,9
2015-08-02,148,83,89,11,18,9
2015-08-03,151,83,49,14,18,8
2015-08-04,145,92,68,14,18,8
2015-08-05,157,66,41,11,17,7
2015-08-06,103,62,23,9,13,4
2015-08-07,94,50,21,10,11,4
2015-08-08,67,48,24,12,13,4
2015-08-09,59,45,23,11,14,4
2015-08-10,68,56,42,13,15,5
2015-08-11,92,73,87,22,17,7
2015-08-12,117,97,140,25,26,11
2015-08-13,150,85,88,19,19,10
2015-08-14,153,76,65,15,16,8
2015-08-15,136,77,56,17,16,8
2015-08-16,142,93,74,17,18,9
2015-08-17,162,74,38,13,14,8
2015-08-18,142,62,42,14,14,6
2015-08-19,107,57,41,19,17,6
2015-08-20,87,104,110,25,28,10
2015-08-21,146,86,66,19,21,8
2015-08-22,130,74,59,13,16,8
2015-08-23,127,76,66,17,19,7
2015-08-24,118,67,43,19,18,6
2015-08-25,104,57,66,20,16,5
2015-08-26,95,68,50,22,19,6
2015-08-27,112,65,76,16,20,6
2015-08-28,132,73,78,19,20,6
2015-08-29,114,71,49,19,19,6
2015-08-30,114,53,41,13,15,4
2015-08-31,93,48,40,19,17,7
2015-09-01,65,57,54,20,18,8
2015-09-02,93,67,79,20,19,8
2015-09-03,105,75,65,22,21,10
2015-09-04,123,48,38,19,19,7
2015-09-05,84,69,59,23,20,6
2015-09-06,105,68,55,22,18,6
2015-09-07,93,46,46,17,16,4
2015-09-08,61,56,58,20,19,4
2015-09-09,66,82,71,25,21,7
2015-09-10,123,57,28,21,20,6
2015-09-11,79,71,37,18,26,8
2015-09-12,106,58,51,23,23,6
2015-09-13,74,64,63,18,20,7
2015-09-14,82,52,54,15,17,4
2015-09-15,70,66,69,26,20,6
2015-09-16,97,75,74,33,22,9
2015-09-17,113,89,83,23,24,11
2015-09-18,150,123,103,27,25,11
2015-09-19,169,101,69,25,24,10
2015-09-20,158,69,64,17,15,6
2015-09-21,116,47,56,15,9,5
2015-09-22,70,58,56,19,14,6
2015-09-23,87,66,46,26,17,7
2015-09-24,107,98,86,25,22,9
2015-09-25,142,75,74,21,19,11
2015-09-26,100,64,67,23,14,7
2015-09-27,93,61,55,19,13,6
2015-09-28,83,58,43,14,9,5
2015-09-29,58,47,57,16,10,5
2015-09-30,47,75,48,18,16,8
2015-04-01,155,57,65,20,19,14
2015-04-02,114,71,76,22,23,16
2015-04-03,147,68,71,27,21,14
2015-04-04,147,100,92,32,26,16
2015-04-05,174,106,66,20,20,12
2015-04-06,153,61,66,18,16,7
2015-04-07,100,64,82,24,22,11
2015-04-08,113,50,81,13,14,9
2015-04-09,80,68,91,22,18,16
2015-04-10,123,73,82,24,22,18
2015-04-11,130,66,100,18,18,16
2015-04-12,142,66,53,22,19,15
2015-04-13,149,100,100,30,30,17
2015-04-14,173,121,90,31,27,18
2015-04-15,173,138,72,20,17,9
2015-04-16,121,114,74,20,13,6
2015-04-17,101,70,65,15,12,7
2015-04-18,92,66,45,23,13,10
2015-04-19,110,94,61,22,15,11
2015-04-20,142,122,82,45,24,13
2015-04-21,168,103,82,38,21,10
2015-04-22,157,113,108,23,19,11
2015-04-23,177,127,78,29,16,9
2015-04-24,160,114,98,28,17,9
2015-04-25,153,154,142,30,26,14
2015-04-26,198,80,93,18,13,9
2015-04-27,143,64,75,17,11,8
2015-04-28,123,67,63,22,13,8
2015-04-29,124,74,53,23,14,9
2015-04-30,136,30,54,12,10,8
2015-05-01,71,35,52,16,10,8
2015-05-02,74,98,80,18,15,11
2015-05-03,157,116,63,25,16,13
2015-05-04,123,100,82,28,21,11
2015-05-05,128,103,88,30,23,12
2015-05-06,150,97,78,30,21,11
2015-05-07,144,81,66,26,16,11
2015-05-08,146,69,58,18,13,9
2015-05-09,124,59,65,12,11,8
2015-05-10,97,55,51,19,15,10
2015-05-11,94,80,65,22,23,9
2015-05-12,115,103,88,24,24,9
2015-05-13,130,180,60,26,24,11
2015-05-14,151,102,77,26,17,11
2015-05-15,145,90,91,33,22,11
2015-05-16,150,68,83,14,14,9
2015-05-17,101,85,98,20,21,11
2015-05-18,124,121,67,30,17,12
2015-05-19,149,88,65,32,18,10
2015-05-20,93,82,81,46,26,12
2015-05-21,101,45,69,15,13,9
2015-05-22,64,42,58,9,12,7
2015-05-23,75,52,55,11,12,8
2015-05-24,80,64,47,14,14,9
2015-05-25,114,54,49,18,18,9
2015-05-26,80,51,48,20,19,7
2015-05-27,71,53,56,18,15,9
2015-05-28,79,57,59,17,10,8
2015-05-29,78,67,72,21,13,9
2015-05-30,101,69,80,23,19,12
2015-05-31,104,68,64,15,9,10
2015-06-01,118,64,67,12,9,8
2015-06-02,92,86,65,28,16,10
2015-06-03,103,82,71,32,19,10
2015-06-04,91,77,103,21,18,10
2015-06-05,102,100,133,17,13,10
2015-06-06,143,67,103,12,11,8
2015-06-07,94,47,64,15,12,9
2015-06-08,80,51,67,13,12,10
2015-06-09,91,38,58,12,10,8
2015-06-10,63,67,92,22,17,10
2015-06-11,105,111,136,35,29,12
2015-06-12,137,119,108,26,19,12
2015-06-13,165,97,103,27,18,10
2015-06-14,138,91,83,25,20,11
2015-06-15,149,77,102,17,14,11
2015-06-16,143,81,107,15,15,10
2015-06-17,143,73,68,14,15,10
2015-06-18,126,109,94,28,22,12
2015-06-19,171,82,85,20,17,11
2015-06-20,111,85,73,24,18,11
2015-06-21,124,55,59,13,15,9
2015-06-22,79,46,61,14,13,9
2015-06-23,63,51,54,13,15,9
2015-06-24,91,46,57,13,14,10
2015-06-25,63,72,65,17,17,12
2015-06-26,129,56,56,14,15,10
2015-06-27,105,51,58,14,14,10
2015-06-28,89,51,48,12,14,9
2015-06-29,66,65,42,19,19,10
2015-06-30,112,105,95,22,28,16
2015-01-03,181,171,21,55,46,31
2015-01-04,240,159,33,37,32,24
2015-01-05,234,61,34,20,27,17
2015-01-06,91,83,30,36,41,20
2015-01-07,151,82,29,42,35,19
2015-01-08,148,199,16,73,65,35
2015-01-09,280,152,28,55,56,31
2015-01-10,229,150,30,44,40,26
2015-01-11,218,66,30,35,29,16
2015-01-12,107,58,35,32,22,12
2015-01-13,95,68,35,34,29,16
2015-01-14,117,129,27,37,45,25
2015-01-15,211,180,24,41,48,27
2015-01-16,270,84,37,29,31,15
2015-01-17,161,111,36,31,35,19
2015-01-18,174,97,35,36,36,15
2015-01-19,131,59,42,16,18,12
2015-01-20,76,80,37,29,19,17
2015-01-21,133,67,33,30,25,15
2015-01-22,128,97,48,32,30,18
2015-01-23,172,105,47,37,33,17
2015-01-24,176,80,41,32,28,17
2015-01-25,159,106,29,29,38,20
2015-01-26,190,54,33,23,27,13
2015-01-27,68,53,33,28,36,15
2015-01-28,83,69,30,36,44,17
2015-01-29,124,90,33,31,41,20
2015-01-30,155,74,34,33,49,17
2015-01-31,132,78,37,42,42,22
2015-02-01,149,78,43,44,35,20
2015-02-02,146,113,37,58,46,22
2015-02-03,191,140,34,41,57,25
2015-02-04,233,73,36,33,42,18
2015-02-05,128,83,36,41,41,21
2015-02-06,157,128,30,52,46,23
2015-02-07,181,62,36,24,26,15
2015-02-08,86,80,34,36,41,17
2015-02-09,138,104,39,47,39,14
2015-02-10,168,138,42,69,47,18
2015-02-11,203,94,43,38,35,15
2015-02-12,167,92,47,39,29,14
2015-02-13,160,91,53,18,24,13
2015-02-14,158,77,49,34,23,15
2015-02-15,144,118,37,25,31,17
2015-02-16,204,138,49,39,43,19
2015-02-17,197,73,44,18,29,12
2015-02-18,136,86,45,17,34,12
2015-02-19,157,49,44,9,20,8
2015-02-20,91,55,40,15,25,10
2015-02-21,117,153,38,16,33,11
2015-02-22,130,119,38,21,49,12
2015-02-23,140,106,47,15,25,11
2015-02-24,135,119,50,15,20,15
2015-02-25,182,86,55,22,24,15
2015-02-26,160,58,50,21,20,11
2015-02-27,90,62,47,30,31,11
2015-02-28,110,212,59,22,23,10
2015-03-01,167,119,63,25,22,13
2015-03-02,178,101,53,18,15,9
2015-03-03,151,61,52,19,18,9
2015-03-04,77,55,59,21,19,8
2015-03-05,89,65,59,23,18,10
2015-03-06,112,78,68,19,13,11
2015-03-07,152,52,66,14,9,7
2015-03-08,97,83,49,20,14,9
2015-03-09,116,81,55,28,30,10
2015-03-10,104,94,53,39,32,11
2015-03-11,153,107,57,33,18,12
2015-03-12,144,120,61,49,27,14
2015-03-13,182,67,67,27,16,10
2015-03-14,122,72,54,23,13,11
2015-03-15,126,73,73,13,12,13
2015-03-16,106,59,63,31,12,11
2015-03-17,112,98,58,35,24,15
2015-03-18,162,94,65,48,31,15
2015-03-19,160,160,86,68,46,23
2015-03-20,201,180,62,45,38,19
2015-03-21,201,192,52,39,27,16
2015-03-22,128,79,50,26,17,13
2015-03-23,99,55,60,15,11,12
2015-03-24,78,68,73,20,15,13
2015-03-25,113,54,67,20,11,11
2015-03-26,78,45,72,16,12,10
2015-03-27,79,97,77,27,16,16
2015-03-28,176,258,82,38,27,19
2015-03-29,180,71,100,14,12,14
2015-03-30,130,66,67,19,16,11
2015-03-31,112,75,37,43,20,18
2014-10-01,88,93,61,18,31,12
2014-10-02,140,66,46,24,26,10
2014-10-03,106,66,64,28,21,9
2014-10-04,92,92,67,22,24,11
2014-10-05,137,80,58,21,21,11
2014-10-06,139,103,95,31,25,11
2014-10-07,160,67,93,16,16,9
2014-10-08,124,60,83,20,13,9
2014-10-09,106,86,78,37,17,12
2014-10-10,127,91,73,32,22,16
2014-10-11,150,96,54,28,26,15
2014-10-12,134,110,35,14,22,8
2014-10-13,107,95,71,34,38,15
2014-10-14,154,155,107,51,33,15
2014-10-15,196,97,47,31,25,14
2014-10-16,123,72,69,20,17,11
2014-10-17,88,129,92,22,23,16
2014-10-18,154,52,58,14,13,9
2014-10-19,67,98,37,31,28,14
2014-10-20,150,103,41,30,21,13
2014-10-21,177,103,68,42,27,14
2014-10-22,171,114,80,26,23,16
2014-10-23,169,133,123,19,22,16
2014-10-24,184,104,100,16,20,9
2014-10-25,149,104,57,23,20,9
2014-10-26,121,102,37,24,19,8
2014-10-27,94,86,43,34,24,11
2014-10-28,128,65,57,29,16,7
2014-10-29,88,48,50,19,16,9
2014-10-30,76,59,47,28,14,10
2014-10-31,88,106,39,30,19,11
2014-11-01,177,84,36,23,24,8
2014-11-02,119,76,33,38,37,12
2014-11-03,115,86,63,31,29,10
2014-11-04,133,124,72,45,29,13
2014-11-05,172,147,32,38,34,15
2014-11-06,176,67,33,24,18,14
2014-11-07,95,84,28,38,24,14
2014-11-08,141,134,45,56,45,17
2014-11-09,189,145,71,60,44,15
2014-11-10,207,167,41,43,45,12
2014-11-11,236,102,40,18,20,6
2014-11-12,88,77,38,31,32,12
2014-11-13,99,106,37,54,46,23
2014-11-14,169,112,45,51,36,12
2014-11-15,168,128,45,33,47,12
2014-11-16,204,128,33,43,48,20
2014-11-17,216,106,35,49,44,17
2014-11-18,171,101,69,37,35,12
2014-11-19,169,111,74,25,25,11
2014-11-20,182,154,62,40,30,15
2014-11-21,236,205,64,41,37,18
2014-11-22,266,99,44,39,28,17
2014-11-23,142,102,55,36,31,15
2014-11-24,157,88,27,34,29,11
2014-11-25,152,112,38,38,41,15
2014-11-26,171,104,44,41,25,12
2014-11-27,172,52,33,28,14,11
2014-11-28,119,75,39,26,23,12
2014-11-29,146,72,36,27,20,12
2014-11-30,149,177,32,12,14,8
2014-12-01,101,77,27,31,41,13
2014-12-02,125,104,23,61,61,16
2014-12-03,170,97,34,32,51,13
2014-12-04,148,71,36,23,33,11
2014-12-05,113,76,38,39,36,16
2014-12-06,136,93,32,41,29,14
2014-12-07,177,87,34,45,30,15
2014-12-08,160,109,32,45,47,16
2014-12-09,183,130,23,70,36,21
2014-12-10,199,84,32,34,23,14
2014-12-11,130,87,28,42,49,22
2014-12-12,153,115,27,41,50,17
2014-12-13,163,109,33,44,50,18
2014-12-14,178,126,26,43,45,20
2014-12-15,187,78,29,16,24,13
2014-12-16,100,78,27,28,40,16
2014-12-17,132,97,42,25,32,17
2014-12-18,166,98,34,28,34,17
2014-12-19,167,67,26,23,34,16
2014-12-20,120,75,28,28,45,18
2014-12-21,138,116,23,37,46,18
2014-12-22,157,251,27,40,40,20
2014-12-23,181,116,30,41,40,18
2014-12-24,174,99,24,43,50,21
2014-12-25,170,86,38,31,32,23
2014-12-26,157,63,37,30,24,16
2014-12-27,135,146,30,46,45,24
2014-12-28,226, , , , , 
2014-07-01,198,75,93,13,23,9
2014-07-02,148,83,102,27,25,9
2014-07-03,154,68,100,17,20,11
2014-07-04,136,67,82,12,14,10
2014-07-05,134,52,90,13,12,8
2014-07-06,89,79,109,29,19,9
2014-07-07,140,58,88,11,13,9
2014-07-08,113,73,114,56,17,11
2014-07-09,128,104,120,64,45,13
2014-07-10,159,114,111,46,30,14
2014-07-11,175,97,58,33,12,17
2014-07-12,164,126,133,35,32,17
2014-07-13,188,134,101,29,20,18
2014-07-14,190,90,88,22,13,16
2014-07-15,151,99,101,17,11,9
2014-07-16,158,92,75,19,15,8
2014-07-17,156,86,79,15,11,8
2014-07-18,147,78,59,13,10,8
2014-07-19,123,55,40,16,10,7
2014-07-20,76,58,43,12,10,6
2014-07-21,84,91,71,24,16,9
2014-07-22,125,79,51,27,18,9
2014-07-23,122,66,40,26,19,8
2014-07-24,99,44,39,33,14,8
2014-07-25,74,87,90,31,28,11
2014-07-26,162,126,115,55,27,14
2014-07-27,186,118,109,26,19,12
2014-07-28,185,118,95,25,22,10
2014-07-29,165,66,66,21,19,9
2014-07-30,125,90,48,22,20,7
2014-07-31,111,73,38,24,22,5
2014-08-01,103,75,55,32,28,6
2014-08-02,105,69,55,30,28,6
2014-08-03,109,89,101,29,33,10
2014-08-04,150,106,71,33,23,10
2014-08-05,155,76,35,31,19,9
2014-08-06,154,82,70,33,21,9
2014-08-07,120,86,81,32,21,9
2014-08-08,128,72,69,24,15,7
2014-08-09,104,65,30,28,15,7
2014-08-10,92,223,132,24,42,17
2014-08-11,220,101,88,25,21,13
2014-08-12,144,82,73,22,17,12
2014-08-13,117,85,64,23,17,10
2014-08-14,98,124,109,20,22,12
2014-08-15,151,135,107,16,19,13
2014-08-16,168,87,60,10,15,10
2014-08-17,148,64,70,12,16,7
2014-08-18,76,112,103,23,29,10
2014-08-19,145,126,88,30,22,12
2014-08-20,161,146,126,27,26,14
2014-08-21,176,117,97,17,20,14
2014-08-22,169,84,89,12,15,11
2014-08-23,135,70,57,24,19,10
2014-08-24,119,80,68,22,22,13
2014-08-25,127,79,78,26,26,14
2014-08-26,115,114,70,58,27,12
2014-08-27,140,95,80,38,25,14
2014-08-28,131,61,55,22,17,10
2014-08-29,84,52,70,13,12,8
2014-08-30,82,59,62,18,12,8
2014-08-31,83,64,69,19,19,9
2014-09-01,87,51,63,17,12,8
2014-09-02,70,55,47,18,17,11
2014-09-03,98,81,104,27,30,13
2014-09-04,132,119,99,22,23,13
2014-09-05,165,66,69,14,13,8
2014-09-06,129,68,58,13,12,8
2014-09-07,108,115,100,21,26,12
2014-09-08,155,100,60,20,17,13
2014-09-09,132,78,90,32,22,13
2014-09-10,96,102,72,38,25,9
2014-09-11,104,88,60,33,24,9
2014-09-12,116,62,86,25,16,6
2014-09-13,74,77,123,27,17,8
2014-09-14,105,102,42,29,28,12
2014-09-15,139,90,40,40,31,11
2014-09-16,139,75,86,35,22,9
2014-09-17,134,91,60,33,25,10
2014-09-18,150,116,105,35,30,16
2014-09-19,173,76,74,16,15,10
2014-09-20,112,73,67,17,17,11
2014-09-21,105,80,71,21,14,12
2014-09-22,116,61,75,18,13,12
2014-09-23,85,86,69,29,23,11
2014-09-24,120,70,71,22,22,11
2014-09-25,84,73,65,28,17,10
2014-09-26,96,66,63,14,14,9
2014-09-27,102,59,130,14,12,9
2014-09-28,115,56,51,22,19,9
2014-09-29,85,63,39,20,17,7
2014-09-30,77,62,55,24,29,10
2014-04-01,180,102,59,21,19,16
2014-04-02,160,127,43,34,23,19
2014-04-03,143,115,43,36,32,20
2014-04-04,147,97,33,39,35,14
2014-04-05,148,99,54,25,21,9
2014-04-06,157,93,49,25,23,10
2014-04-07,160,64,45,23,19,8
2014-04-08,142,71,80,15,20,10
2014-04-09,154,88,69,25,19,13
2014-04-10,175,73,69,16,18,12
2014-04-11,157,84,51,23,20,12
2014-04-12,166,109,62,36,27,12
2014-04-13,173,100,43,32,28,12
2014-04-14,172,129,64,33,30,14
2014-04-15,199,58,75,19,22,12
2014-04-16,137,59,53,21,20,12
2014-04-17,118,77,58,38,26,12
2014-04-18,142,117,41,52,27,12
2014-04-19,163,102,52,25,20,13
2014-04-20,172,143,55,35,28,14
2014-04-21,190,226,83,52,39,19
2014-04-22,250,183,93,28,29,15
2014-04-23,197,116,101,16,15,13
2014-04-24,154,81,98,17,15,11
2014-04-25,149,54,79,15,13,7
2014-04-26,114,90,64,24,14,13
2014-04-27,108,70,58,26,17,11
2014-04-28,127,107,76,44,29,12
2014-04-29,162,140,91,48,35,12
2014-04-30,171,131,133,34,32,13
2014-05-01,184,128,116,20,29,11
2014-05-02,165,68,76,30,25,11
2014-05-03,121,84,74,16,18,11
2014-05-04,135,99,62,34,30,11
2014-05-05,149,94,135,20,21,11
2014-05-06,163,111,102,32,25,14
2014-05-07,168,95,92,29,26,14
2014-05-08,156,61,99,17,17,12
2014-05-09,116,68,91,15,13,11
2014-05-10,118,64,76,19,15,12
2014-05-11,113,116,85,36,31,15
2014-05-12,154,143,127,48,37,16
2014-05-13,170,127,105,25,29,13
2014-05-14,150,114,82,35,36,13
2014-05-15,141,145,100,44,36,17
2014-05-16,160,125,94,36,31,13
2014-05-17,150,92,93,16,18,13
2014-05-18,150,75,60,14,15,11
2014-05-19,157,75,56,14,11,10
2014-05-20,127,80,65,16,13,8
2014-05-21,122,124,88,26,17,12
2014-05-22,172,80,83,21,14,7
2014-05-23,140,57,55,15,9,5
2014-05-24,96,84,57,22,13,9
2014-05-25,138,172,100,38,30,10
2014-05-26,165,157,103,36,28,11
2014-05-27,167,97,103,28,23,8
2014-05-28,110,107,113,21,19,11
2014-05-29,154,154,146,26,31,12
2014-05-30,184,167,148,23,18,11
2014-05-31,203,72,76,12,10,7
2014-06-01,140,53,80,16,11,6
2014-06-02,96,70,71,21,15,7
2014-06-03,121,66,69,20,18,7
2014-06-04,95,78,79,27,22,10
2014-06-05,109,58,56,16,13,7
2014-06-06,82,76,82,18,15,11
2014-06-07,125,79,74,26,16,13
2014-06-08,134,67,52,14,11,11
2014-06-09,113,64,63,13,12,10
2014-06-10,108,71,67,19,13,8
2014-06-11,130,132,108,28,26,17
2014-06-12,155,166,111,34,25,13
2014-06-13,154,112,99,41,27,16
2014-06-14,169,221,97,46,31,13
2014-06-15,188,119,77,30,16,11
2014-06-16,179,58,133,15,12,6
2014-06-17,94,62,162,15,11,6
2014-06-18,87,64,195,13,12,8
2014-06-19,105,66,41,13,12,7
2014-06-20,115,65,39,15,12,7
2014-06-21,114,60,37,17,14,6
2014-06-22,101,72,71,22,21,8
2014-06-23,123,113,66,28,19,10
2014-06-24,238,221,82,12,14,9
2014-06-25,151,98,65,15,13,9
2014-06-26,145,80,61,23,20,10
2014-06-27,129,139,67,41,25,10
2014-06-28,138,110,84,51,41,12
2014-06-29,156,97,99,23,29,11
2014-06-30,167,155,101,20,17,12
2014-01-01,182,170,30,43,43,21
2014-01-02,185,189,29,56,51,22
2014-01-03,209,120,48,27,40,14
2014-01-04,136,154,55,38,49,21
2014-01-05,226,367,56,59,60,31
2014-01-06,346,121,68,38,30,16
2014-01-07,157,103,47,24,32,14
2014-01-08,144,90,38,37,47,17
2014-01-09,157,138,36,48,57,16
2014-01-10,205,175,44,50,57,19
2014-01-11,246,164,37,35,49,19
2014-01-12,125,93,44,29,39,16
2014-01-13,121,202,37,56,49,16
2014-01-14,181,320,35,78,70,22
2014-01-15,302,147,50,48,61,18
2014-01-16,234,242,36,46,58,24
2014-01-17,282,165,31,47,70,23
2014-01-18,259,149,35,45,48,21
2014-01-19,235,264,39,42,47,20
2014-01-20,233,75,38,33,47,17
2014-01-21,153,91,29,41,60,17
2014-01-22,167,95,32,26,30,17
2014-01-23,174,107,30,36,27,18
2014-01-24,189,100,33,31,34,18
2014-01-25,178,71,35,28,34,17
2014-01-26,124,61,36,21,18,16
2014-01-27,119,84,37,28,33,17
2014-01-28,145,55,38,11,16,16
2014-01-29,106,206,33,37,43,21
2014-01-30,264,147,41,24,27,20
2014-01-31,217,114,45,29,33,23
2014-02-01,191,190,32,35,59,26
2014-02-02,259,76,32,23,37,18
2014-02-03,131,65,35,19,39,17
2014-02-04,123,53,36,21,49,14
2014-02-05,111,49,32,30,49,11
2014-02-06,131,87,29,30,45,14
2014-02-07,163,74,46,30,38,13
2014-02-08,157,116,31,18,22,10
2014-02-09,112,91,34,24,26,7
2014-02-10,114,73,33,40,46,12
2014-02-11,144,105,37,53,55,19
2014-02-12,185,104,39,52,51,16
2014-02-13,188,115,59,64,51,17
2014-02-14,192,138,55,51,39,16
2014-02-15,222,60,46,26,29,13
2014-02-16,140,62,33,35,39,12
2014-02-17,130,98,30,56,43,12
2014-02-18,168,128,32,74,59,17
2014-02-19,195,124,52,48,49,16
2014-02-20,198,113,59,32,34,19
2014-02-21,199,62,56,22,21,8
2014-02-22,139,77,61,23,24,9
2014-02-23,167,98,60,26,29,11
2014-02-24,187,111,59,29,29,14
2014-02-25,198,96,64,30,31,13
2014-02-26,183,91,56,35,37,16
2014-02-27,185,70,38,35,41,11
2014-02-28,134,116,38,48,49,14
2014-03-01,171,110,57,50,49,17
2014-03-02,185,85,71,25,27,14
2014-03-03,172,76,61,30,32,11
2014-03-04,157,91,49,41,47,12
2014-03-05,172,109,53,45,43,14
2014-03-06,171,58,47,23,23,9
2014-03-07,143,114,51,37,40,16
2014-03-08,183,175,43,61,63,19
2014-03-09,262,75,46,18,17,10
2014-03-10,148,101,51,20,20,12
2014-03-11,160,131,45,34,35,12
2014-03-12,157,143,48,40,42,14
2014-03-13,162,166,39,62,55,16
2014-03-14,184,145,53,40,34,17
2014-03-15,202,142,63,31,32,18
2014-03-16,196,168,59,26,21,13
2014-03-17,200,176,50,28,23,12
2014-03-18,162,119,31,45,37,15
2014-03-19,171,107,42,24,16,11
2014-03-20,129,120,29,51,38,15
2014-03-21,158,121,49,43,34,17
2014-03-22,172,103,52,24,18,14
2014-03-23,176,62,79,16,14,13
2014-03-24,145,116,53,32,21,15
2014-03-25,170,198,48,42,27,24
2014-03-26,210,108,58,26,25,23
2014-03-27,188,59,51,16,18,13
2014-03-28,127,81,41,26,20,14
2014-03-29,157,118,67,45,32,15
2014-03-30,176,146,77,58,36,16
2014-03-31,177,99,62,36,27,15
2020-06-21, ,30,43,9,2, 
2020-04-21, ,38,13,29,4, 
2019-12-31, ,63,24,26,7, 
2018-12-31, ,98,23,28,13, 
2017-09-10, ,52,96,6,5,8
2016-01-03, ,96,34,28,52,17
2016-02-08, ,88,33,13,22,8
2016-02-10, ,66,54,10,9,4
2015-01-02, ,117,32,36,22,21
2013-12-31, ,179,37,51,59,18
