date,shenyang_pm25,shenyang_pm10,shenyang_o3,shenyang_no2,shenyang_so2,shenyang_co
2020-11-01,74,46,14,19,17,7
2020-11-02,66,32,20,16,7,5
2020-11-03,52,70,13,27,31,13
2020-11-04,129,81,25,25,29,9
2020-11-05,151,83,24,27,35,9
2020-11-06,156,88,16,24,13,8
2020-11-07,127,52,14,14,6,3
2020-11-08,43,57,13,20,23,8
2020-11-09,106,64,9,28,29,10
2020-11-10,137,77,37,27,28,11
2020-11-11,148, , , , , 
2020-10-01,135,29,23,15,8,5
2020-10-02,68,44,26,19,11,8
2020-10-03,94,27,20,8,3,3
2020-10-04,44,23,18,13,2,4
2020-10-05,48,58,22,24,13,10
2020-10-06,120,67,27,32,12,11
2020-10-07,126,70,60,25,12,11
2020-10-08,137,55,36,23,16,10
2020-10-09,111,57,49,17,17,7
2020-10-10,98,45,31,17,7,7
2020-10-11,84,38,16,22,6,5
2020-10-12,84,46,20,18,13,9
2020-10-13,82,31,19,15,10,4
2020-10-14,61,57,22,26,16,10
2020-10-15,109,49,23,24,11,8
2020-10-16,93,59,25,22,14,9
2020-10-17,90,55,20,28,5,7
2020-10-18,97,84,46,25,18,13
2020-10-19,155,84,63,19,16,10
2020-10-20,168,88,67,18,8,5
2020-10-21,129,44,17,16,3,4
2020-10-22,54,37,18,21,4,5
2020-10-23,69,54,18,24,9,5
2020-10-24,111,94,18,42,18,17
2020-10-25,165,122,28,38,15,18
2020-10-26,186,42,18,20,4,5
2020-10-27,70,67,19,32,7,13
2020-10-28,121,76,11,32,20,11
2020-10-29,142,81,15,34,25,15
2020-10-30,160,90,21,25,39,12
2020-10-31,159,49,18,19,7,6
2020-09-01,76,38,30,16,10,8
2020-09-02,84,29,13,12,2,4
2020-09-03,41,23,34,12,8,8
2020-09-04,55,32,44,8,9,4
2020-09-05,63,40,78,24,5,7
2020-09-06,91,47,36,19,3,7
2020-09-07,90,16,17,11,1,4
2020-09-08,38,24,13,13,2,5
2020-09-09,49,10,10,11,2,4
2020-09-10,29,20,32,14,3,7
2020-09-11,53,31,19,13,2,5
2020-09-12,73,24,18,14,2,4
2020-09-13,54,42,23,22,5,6
2020-09-14,84,45,31,21,8,8
2020-09-15,79,21,32,9,4,5
2020-09-16,48,21,23,11,4,4
2020-09-17,39,25,23,16,4,4
2020-09-18,56,27,17,14,3,4
2020-09-19,56,42,23,20,11,7
2020-09-20,83,50,22,23,8,8
2020-09-21,105,54,24,26,16,10
2020-09-22,109,56,33,24,6,10
2020-09-23,118,48,25,24,9,10
2020-09-24,89,57,31,31,8,8
2020-09-25,108,57,31,30,5,10
2020-09-26,107,59,58,17,10,10
2020-09-27,115,50,53,15,9,7
2020-09-28,112,30,22,16,2,4
2020-09-29,69,51,26,25,4,5
2020-09-30,114,55,20,25,10,11
2020-08-01,46,24,34,10,5,6
2020-08-02,47,38,61,10,7,7
2020-08-03,78,31,50,7,1,6
2020-08-04,74,39,56,20,8,7
2020-08-05,85,29,45,17,5,7
2020-08-06,55,33,52,19,4,5
2020-08-07,64,47,70,14,10,10
2020-08-08,88,33,26,10,8,6
2020-08-09,67,36,66,11,10,7
2020-08-10,71,41,80,10,9,7
2020-08-11,91,49,73,10,7,8
2020-08-12,106,36,25,12,3,7
2020-08-13,75,40,67,7,2,9
2020-08-14,108,46,57,11,4,8
2020-08-15,122,30,56,15,7,7
2020-08-16,71,40,39,14,6,8
2020-08-17,81,26,34,8,4,4
2020-08-18,70,11,25,11, ,3
2020-08-19,30,26,22,10,1,3
2020-08-20,34,26,31,14,2,5
2020-08-21,52,53,60,20,13,9
2020-08-22,105,47,83,9,10,8
2020-08-23,93,25,29,10,3,7
2020-08-24,57,34,72,27,6,12
2020-08-25,100,54,11,22,9,13
2020-08-26,96,20,19,7,1,5
2020-08-27,53,14,22,12,1,4
2020-08-28,47,18,22,12,1,4
2020-08-29,58,48,71,25,5,10
2020-08-30,114,49,36,21,9,10
2020-08-31,99,30,45,12,5,7
2020-07-01,55,50,58,18,10,8
2020-07-02,103,49,63,9,11,5
2020-07-03,110,47,51,9,6,8
2020-07-04,127,33,43,8,7,3
2020-07-05,78,23,41,8,10,4
2020-07-06,54,34,43,11,7,5
2020-07-07,73,41,62,18,9,5
2020-07-08,92,41,64,20,8,6
2020-07-09,89,54,96,20,10,6
2020-07-10,101,56,100,15,11,8
2020-07-11,117,56,98,17,11,9
2020-07-12,118,53,50,20,12,8
2020-07-13,127,59,76,13,4,10
2020-07-14,144,59,90,13,7,12
2020-07-15,139,51,74,10,11,10
2020-07-16,117,54,93,6,10,8
2020-07-17,122,30,52,7,12,6
2020-07-18,67,30,30,8,1,4
2020-07-19,69,20,41,6,1,3
2020-07-20,52,53,122,12,11,11
2020-07-21,110,60,116,14,10,9
2020-07-22,119,65,111,23,5,7
2020-07-23,136,48,69,23,7,6
2020-07-24,74,55,110,21,9,8
2020-07-25,95,48,67,9,5,9
2020-07-26,99,22,42,9,5,6
2020-07-27,51,25,45,8,9,6
2020-07-28,60,31,40,12,8,6
2020-07-29,68,47,70,11,8,7
2020-07-30,104,38,59,7,6,5
2020-07-31,87,21,34,7,7,5
2020-06-01,37,33,43,13,9,5
2020-06-02,59,54,57,13,7,6
2020-06-03,96,15,34,14,2,3
2020-06-04,39,39,33,22,6,6
2020-06-05,89,43,70,27,8,7
2020-06-06,93,55,85,15,16,8
2020-06-07,87,64,96,11,12,7
2020-06-08,95,72,71,15,14,7
2020-06-09,121,60,38,15,16,6
2020-06-10,103,30,48,15,3,4
2020-06-11,98,61,61,20,8,9
2020-06-12,105,55,78,13,9,7
2020-06-13,92,23,38,10,2,3
2020-06-14,46,27,35,12,4,4
2020-06-15,36,40,54,18,6,5
2020-06-16,61,65,126,16,16,10
2020-06-17,103,45,30,25,9,8
2020-06-18,73,36,45,19,3,4
2020-06-19,50,58,110,9,12,9
2020-06-20,107,58,110,7,9,8
2020-06-21,133,46,78,10,7,8
2020-06-22,98,39,44,11,12,6
2020-06-23,74,28,39,12,6,7
2020-06-24,63,31,44,14,3,2
2020-06-25,62,12,28,9,1,1
2020-06-26,26,38,52,15,7,4
2020-06-27,78,57,85,18,9,9
2020-06-28,121,57,79,18,14,9
2020-06-29,125,34,46,15,3,3
2020-06-30,72,33,45,16,3,2
2020-05-01,100,60,72,9,10,6
2020-05-02,102,33,34,9,5,4
2020-05-03,66,26,34,12,1,2
2020-05-04,65,53,44,22,17,7
2020-05-05,108,35,43,18,4,3
2020-05-06,63,58,42,18,12,6
2020-05-07,108,46,35,15,8,7
2020-05-08,81,33,34,21,4,6
2020-05-09,77,136,39,15,4,8
2020-05-10,112,80,39,10,2,3
2020-05-11,107,49,31,12,1,3
2020-05-12,69,62,60,12,4,6
2020-05-13,133,91,67,9,8,5
2020-05-14,117,51,45,8,5,1
2020-05-15,58,43,28,14,12,5
2020-05-16,84,49,43,13,1,3
2020-05-17,95,53,23,14,2,4
2020-05-18,82,16,19,11, ,1
2020-05-19,40,28,43,13,4,4
2020-05-20,75,40,40,13,7,6
2020-05-21,76,19,39,11,3,4
2020-05-22,41,22,42,11,6,5
2020-05-23,71,33,50,10,2,3
2020-05-24,70,80,37,20,3,3
2020-05-25,78,37,35,19,4,3
2020-05-26,65,51,38,14,9,11
2020-05-27,116,36,53,15,17,7
2020-05-28,84,34,53,13,10,5
2020-05-29,74,45,78,9,10,4
2020-05-30,78,40,51,11,12,5
2020-05-31,79,14,34,10,3,3
2020-04-01,89,70,39,18,8,10
2020-04-02,138,114,44,16,5,8
2020-04-03,152,52,34,8,2,2
2020-04-04,72,129,34,29,6,6
2020-04-05,190,93,54,26,16,10
2020-04-06,172,56,35,15,3,4
2020-04-07,113,61,29,19,3,5
2020-04-08,155,59,35,17,2,5
2020-04-09,133,62,47,26,8,9
2020-04-10,136,126,47,31,9,12
2020-04-11,196,84,46,19,4,7
2020-04-12,147,110,85,40,11,12
2020-04-13,179,96,95,20,14,14
2020-04-14,179,107,90,27,16,14
2020-04-15,191,90,76,22,8,10
2020-04-16,162,57,56,18,1,8
2020-04-17,116,76,60,35,4,10
2020-04-18,160,105,39,28,14,17
2020-04-19,177,47,36,10,6,7
2020-04-20,46,178,24,7,3,4
2020-04-21,81,52,19,10,1,2
2020-04-22,60,43,35,15,2,4
2020-04-23,77,67,27,17,11,7
2020-04-24,91,49,35,12,1,3
2020-04-25,58,51,34,21,3,7
2020-04-26,93,66,42,25,3,7
2020-04-27,105,82,65,18,9,13
2020-04-28,128,87,73,14,7,9
2020-04-29,157,62,70,12,8,7
2020-04-30,106,62,86,12,11,8
2020-03-01,116,45,26,14,7,5
2020-03-02,121,68,18,17,9,8
2020-03-03,163,34,31,13,5,6
2020-03-04,108,42,31,20,12, 
2020-03-05,117,52,32,13,8,3
2020-03-06,134,48,34,20,7,6
2020-03-07,125,50,30,15,6,6
2020-03-08,126,52,24,14,2,6
2020-03-09,137,38,27,13,4,3
2020-03-10,94,35,33,13,6,4
2020-03-11,67,54,27,12,5,4
2020-03-12,73,40,31,12,5,4
2020-03-13,68,49,29,15,7,8
2020-03-14,102,50,28,7,3,3
2020-03-15,53,68,29,14,11,7
2020-03-16,91,61,32,19,7,9
2020-03-17,103,78,55,17,10,9
2020-03-18,131,36,25,13,3,5
2020-03-19,57,83,28,25,12,11
2020-03-20,146,46,34,19,5,5
2020-03-21,99,82,43,23,9,8
2020-03-22,175,41,36,15,5,5
2020-03-23,105,85,38,26,14,11
2020-03-24,171,57,44,12,8,7
2020-03-25,116,49,32,14,5,7
2020-03-26,95,39,29,14,2,2
2020-03-27,98,42,33,15,7,2
2020-03-28,71,59,38,15,10,7
2020-03-29,116,81,57,16,11,8
2020-03-30,150,70,45,14,6,6
2020-03-31,132,40,34,15,2,4
2020-02-01,145,40,21,16,8,8
2020-02-02,107,36,23,15,9,7
2020-02-03,102,29,25,9,5,5
2020-02-04,71,27,24,7,5,4
2020-02-05,62,67,19,19,22,11
2020-02-06,167,52,28,16,18,10
2020-02-07,159,65,31,17,24,15
2020-02-08,154,102,31,20,17,18
2020-02-09,196,132,26,29,16,25
2020-02-10,249,73,43,9,7,11
2020-02-11,168,41,43,11,3,8
2020-02-12,120,66,29,15,11,10
2020-02-13,160,28,20,7,2,3
2020-02-14,83,30,23,8,4,3
2020-02-15,78,50,26,6,4,3
2020-02-16,67,27,25,9,7,3
2020-02-17,89,56,20,23,25,13
2020-02-18,147,65,26,26,14,11
2020-02-19,163,85,27,29,26,18
2020-02-20,184,65,27,19,4,13
2020-02-21,162,27,30,10,5,3
2020-02-22,73,43,31,17,12,11
2020-02-23,97,47,27,17,7,5
2020-02-24,113,29,30,11,5,4
2020-02-25,99,30,29,10,4,5
2020-02-26,108,48,33,22,11,6
2020-02-27,127,53,22,20,10,8
2020-02-28,184,54,22,16,7,6
2020-02-29,133,43,31,15,6,5
2020-01-01,163,128,8,39,33,22
2020-01-02,236,115,8,45,36,30
2020-01-03,222,115,10,43,21,23
2020-01-04,252,120,11,42,27,18
2020-01-05,250,66,7,31,31,16
2020-01-06,159,88,25,19,8,8
2020-01-07,187,41,22,18,7,5
2020-01-08,132,61,15,29,13,8
2020-01-09,159,84,13,34,24,17
2020-01-10,189,42,17,24,11,5
2020-01-11,114,58,16,24,14,7
2020-01-12,143,53,17,24,16,9
2020-01-13,136,77,12,31,15,9
2020-01-14,169,107,8,38,27,18
2020-01-15,241,85,14,33,16,12
2020-01-16,174,99,13,37,22,17
2020-01-17,201,121,11,43,25,24
2020-01-18,238,62,23,26,8,12
2020-01-19,144,46,25,24,13,10
2020-01-20,129,52,27,21,11,11
2020-01-21,125,89,21,25,13,13
2020-01-22,175,79,24,22,13,10
2020-01-23,159,45,25,18,14,5
2020-01-24,133,271,17,29,45,14
2020-01-25,364,154,25,27,19,13
2020-01-26,286,83,15,32,33,18
2020-01-27,184,130,42,22,17,16
2020-01-28,254,74,39,10,11,9
2020-01-29,180,40,33,8,5,5
2020-01-30,130,120,19,38,21,14
2020-01-31,257,81,27,22,10,9
2019-10-01,141,65,84,25,11,9
2019-10-02,139,57,14,15,4,6
2019-10-03,99,20,16,8,4,2
2019-10-04,39,21,22,12,5,3
2019-10-05,55,64,11,27,18,8
2019-10-06,129,67,37,17,12,10
2019-10-07,122,23,20,12,5,2
2019-10-08,67,52,37,16,12,7
2019-10-09,68,44,37,14,7,5
2019-10-10,75,31,15,14,5,3
2019-10-11,49,44,20,16,6,3
2019-10-12,76,35,16,13,5,3
2019-10-13,56,26,21,16,6,3
2019-10-14,48,62,21,23,14,7
2019-10-15,119,72,16,36,18,15
2019-10-16,135,101,16,41,25,16
2019-10-17,160,130,19,44,25,19
2019-10-18,202,105,41,28,11,15
2019-10-19,170,101,51,20,11,12
2019-10-20,164,44,16,30,6,7
2019-10-21,61,118,40,43,15,17
2019-10-22,179,140,42,48,12,21
2019-10-23,199,107,36,34,12,15
2019-10-24,172,14,18,12,4,3
2019-10-25,36,42,16,24,9,5
2019-10-26,98,74,27,29,17,12
2019-10-27,147,59,32,17,11,5
2019-10-28,105,31,21,18,9,4
2019-10-29,55,73,29,26,16,10
2019-10-30,120,71,31,25,14,8
2019-10-31,101,30,19,19,9,4
2019-11-01,53,70,15,27,24,10
2019-11-02,146,34,17,12,7,3
2019-11-03,71,77,9,31,20,9
2019-11-04,164,48,18,24,16,9
2019-11-05,90,72,11,30,26,11
2019-11-06,148,33,17,17,10,3
2019-11-07,70,61,12,30,26,10
2019-11-08,137,79,14,32,26,14
2019-11-09,166,55,26,23,14,7
2019-11-10,124,27,16,20,4,4
2019-11-11,69,41,14,22,18,10
2019-11-12,101,29,17,14,5,3
2019-11-13,64,31,17,16,11,4
2019-11-14,68,31,15,23,9,5
2019-11-15,89,54,8,28,13,8
2019-11-16,143,58,6,29,18,11
2019-11-17,145,55,19,11,4,3
2019-11-18,64,31,20,14,5,4
2019-11-19,52,50,9,25,23,10
2019-11-20,119,49,15,22,17,9
2019-11-21,126,42,22,14,9,5
2019-11-22,94,31,18,17,6,5
2019-11-23,86,19,16,11,5,4
2019-11-24,55,39,12,19,12,6
2019-11-25,110,53,13,22,23,11
2019-11-26,115,22,17,11,5,4
2019-11-27,46,40,12,21,13,7
2019-11-28,101,75,6,30,29,15
2019-11-29,161,59,9,26,23,13
2019-11-30,137,29,15,22,11,5
2019-12-01,71,27,18,19,9,5
2019-12-02,71,35,17,23,16,6
2019-12-03,92,24,17,16,10,5
2019-12-04,65,26,14,15,11,8
2019-12-05,74,64,8,26,27,14
2019-12-06,142,45,13,24,16,5
2019-12-07,138,69,15,24,26,13
2019-12-08,158,98,22,28,16,12
2019-12-09,190,113,3,34,29,24
2019-12-10,219,47,13,19,8,6
2019-12-11,122,36,14,20,14,7
2019-12-12,88,52,12,21,11,8
2019-12-13,97,46,8,23,20,7
2019-12-14,99,56,9,24,24,12
2019-12-15,123,47,4,26,19,13
2019-12-16,115,25,19,15,9,6
2019-12-17,77,34,11,24,16,7
2019-12-18,95,65,9,28,25,12
2019-12-19,158,55,9,26,22,11
2019-12-20,134,55,13,25,15,8
2019-12-21,130,85,5,30,31,15
2019-12-22,176,91,12,29,15,9
2019-12-23,216,103,8,32,22,16
2019-12-24,224,80,18,24,14,10
2019-12-25,164,73,15,25,15,9
2019-12-26,176,96,5,34,28,18
2019-12-27,202,78,11,29,32,18
2019-12-28,168,113,19,23,13,13
2019-12-29,214, , , , , 
2019-07-01,31,37,51,14,10,8
2019-07-02,92,37,63,12,9,6
2019-07-03,77,40,95,11,9,8
2019-07-04,82,44,58,8,5,5
2019-07-05,93,41,61,10,5,5
2019-07-06,89,44,57,17,2,5
2019-07-07,104,30,67,13,2,5
2019-07-08,101,41,72,12,2,6
2019-07-09,125,45,77,13,6,7
2019-07-10,115,34,41,11,5,6
2019-07-11,98,38,43,12,6,7
2019-07-12,137,40,51,17,7,8
2019-07-13,128,44,60,20,5,9
2019-07-14,165,49,57,17,11,13
2019-07-15,152,42,67,11,9,8
2019-07-16,121,39,51,11,8,7
2019-07-17,105,43,53,10,6,6
2019-07-18,132,46,69,11,6,8
2019-07-19,132,51,89,12,5,7
2019-07-20,134,31,36,11,2,7
2019-07-21,88,51,98,12,1,13
2019-07-22,143,42,40,10,1,7
2019-07-23,111,31,92,9,3,7
2019-07-24,89,34,57,11,3,6
2019-07-25,88,32,77,11,4,7
2019-07-26,95,45,84,9,3,7
2019-07-27,121,37,79,8,5,6
2019-07-28,183,31,68,8,3,5
2019-07-29,86,21,49,6,2,7
2019-07-30,61,45,83,10,3,10
2019-07-31,114,45,78,8,6,7
2019-08-01,123,39,50,12,8,8
2019-08-02,94,19,31,4,3,4
2019-08-03,56,31,48,6,7,9
2019-08-04,103,46,51,9,11,10
2019-08-05,118,47,32,12,14,9
2019-08-06,128,53,43,13,10,9
2019-08-07,134,29,36,14,4,6
2019-08-08,86,40,73,12,10,8
2019-08-09,122,28,20,10,9,5
2019-08-10,64,14,12,10,3,5
2019-08-11,42,11,13,8,2,3
2019-08-12,26,18,18,12,3,5
2019-08-13,111,12,25,11,2,5
2019-08-14,37,12,32,9,3,4
2019-08-15,33,15,27,8,3,3
2019-08-16,42,11,24,11,4,3
2019-08-17,40,21,32,12,5,6
2019-08-18,58,38,56,19,11,9
2019-08-19,78,46,32,20,9,9
2019-08-20,90,30,35,10,6,6
2019-08-21,70,37,29,14,6,9
2019-08-22,84,19,25,11,4,3
2019-08-23,36,22,39,14,4,4
2019-08-24,55,36,52,16,7,6
2019-08-25,80,40,75,11,9,9
2019-08-26,97,32,54,14,6,7
2019-08-27,90,36,56,11,5,6
2019-08-28,71,19,23,10,3,3
2019-08-29,53,17,19,11,4,4
2019-08-30,48,45,32,22,7,8
2019-08-31,102,47,60,17,10,9
2019-09-01,77,42,71,13,12,7
2019-09-02,75,53,102,21,13,11
2019-09-03,117,60,66,22,13,8
2019-09-04,125,28,25,14,8,5
2019-09-05,61,34,47,22,9,9
2019-09-06,112,39,13,14,9,8
2019-09-07,82,37,48,17,4,8
2019-09-08,120,41,19,22,5,5
2019-09-09,76,35,12,17,4,3
2019-09-10,56,28,26,15,4,4
2019-09-11,50,37,30,16,17,9
2019-09-12,70,25,18,12,6,6
2019-09-13,53,19,26,16,4,4
2019-09-14,59,46,43,18,11,9
2019-09-15,86,27,24,11,4,2
2019-09-16,82,48,32,18,13,8
2019-09-17,85,30,22,12,7,3
2019-09-18,46,84,26,24,18,17
2019-09-19,91,55,66,21,12,12
2019-09-20,96,52,29,22,9,8
2019-09-21,105,38,26,21,8,5
2019-09-22,63,45,25,29,9,7
2019-09-23,85,52,38,25,8,5
2019-09-24,103,64,39,26,14,11
2019-09-25,124,59,60,25,13,13
2019-09-26,118,63,60,24,12,11
2019-09-27,134,59,73,18,13,9
2019-09-28,124,75,51,26,12,11
2019-09-29,162,75,92,21,12,12
2019-09-30,163,65,94,12,12,8
2019-04-01,82,44,34,21,8,7
2019-04-02,101,71,36,25,15,11
2019-04-03,131,339,45,22,11,11
2019-04-04,184,117,34,15,4,4
2019-04-05,58,63,33,21,10,6
2019-04-06,105,42,28,16,6,4
2019-04-07,71,34,35,18,4,5
2019-04-08,65,53,32,27,18,10
2019-04-09,107,51,37,25,5,6
2019-04-10,111,61,37,27,14,10
2019-04-11,122,82,51,17,12,11
2019-04-12,151,100,47,19,6,12
2019-04-13,183,63,35,16,7,8
2019-04-14,89,67,45,20,19,12
2019-04-15,110,78,68,13,13,9
2019-04-16,147,74,62,11,13,7
2019-04-17,111,88,36,10,3,3
2019-04-18,82,65,39,29,9,6
2019-04-19,113,58,30,22,11,10
2019-04-20,131,64,41,20,5,5
2019-04-21,136,108,53,23,19,9
2019-04-22,184,73,49,11,8,5
2019-04-23,104,62,27,12,3,3
2019-04-24,82,58,29,18,4,4
2019-04-25,77,39,32,18,3,4
2019-04-26,94,56,45,22,11,9
2019-04-27,123,51,46,11,8,6
2019-04-28,105,41,36,14,16,6
2019-04-29,91,48,37,18,12,7
2019-04-30,120,74,34,17,3,5
2019-05-01,96,67,43,23,11,9
2019-05-02,124,68,61,23,15,10
2019-05-03,145,75,88,12,12,9
2019-05-04,149,57,40,11,6,6
2019-05-05,87,49,36,19,11,6
2019-05-06,91,44,38,15,8,7
2019-05-07,86,65,66,15,10,9
2019-05-08,133,76,62,16,9,8
2019-05-09,156,85,95,16,15,11
2019-05-10,160,67,74,16,21,8
2019-05-11,121,63,89,12,12,8
2019-05-12,123,58,42,10,5,5
2019-05-13,94,60,61,13,11,6
2019-05-14,93,60,60,12,12,6
2019-05-15,103,55,42,10,10,7
2019-05-16,112,41,38,9,13,5
2019-05-17,78,40,48,14,10,5
2019-05-18,82,42,33,16,7,7
2019-05-19,79,46,27,13,3,4
2019-05-20,66,64,31,15,3,4
2019-05-21,72,62,41,24,5,4
2019-05-22,79,60,75,22,14,10
2019-05-23,112,65,124,15,21,9
2019-05-24,111,65,105,10,13,6
2019-05-25,111,46,45,6,4,5
2019-05-26,71,30,32,12,2,4
2019-05-27,46,53,33,21,12,7
2019-05-28,85,57,39,16,5,4
2019-05-29,62,38,33,19,8,7
2019-05-30,72,27,34,12,4,3
2019-05-31,57,46,66,16,8,7
2019-06-01,80,53,68,10,10,6
2019-06-02,105,43,53,15,6,7
2019-06-03,144,40,70,16,4,6
2019-06-04,122,48,72,16,10,10
2019-06-05,124,51,80,14,11,8
2019-06-06,128,48,58,13,7,9
2019-06-07,125,32,56,11,8,5
2019-06-08,65,21,51,13,3,5
2019-06-09,59,30,51,17,10,7
2019-06-10,72,42,51,13,6,10
2019-06-11,103,43,77,15,9,10
2019-06-12,114,38,39,15,8,5
2019-06-13,78,31,35,14,6,6
2019-06-14,85,17,17,10,3,2
2019-06-15,37,17,25,12,3,3
2019-06-16,45,38,45,19,11,7
2019-06-17,100,40,29,22,7,8
2019-06-18,110,39,72,16,9,9
2019-06-19,102,49,68,15,6,9
2019-06-20,137,24,33,20,3,2
2019-06-21,51,27,42,20,9,5
2019-06-22,69,36,73,22,15,8
2019-06-23,78,52,94,23,13,8
2019-06-24,107,40,58,9,8,3
2019-06-25,68,38,79,9,7,6
2019-06-26,76,47,61,12,10,8
2019-06-27,101,53,36,20,13,8
2019-06-28,113,36,34,17,8,6
2019-06-29,81,12,37,8,2,3
2019-06-30,36,13,33,10,3,3
2019-01-01,154,70,11,27,27,14
2019-01-02,154,80,7,29,38,18
2019-01-03,173,58,21,20,16,10
2019-01-04,104,42,19,17,13,6
2019-01-05,77,76,8,28,35,15
2019-01-06,174,83,12,28,27,14
2019-01-07,165,44,18,16,13,6
2019-01-08,77,63,14,21,21,13
2019-01-09,123,74,13,28,21,15
2019-01-10,141,141,8,38,40,30
2019-01-11,228,176,9,37,34,27
2019-01-12,275,137,13,29,15,20
2019-01-13,242,113,11,32,27,21
2019-01-14,223,72,19,12,11,7
2019-01-15,72,68,16,23,22,13
2019-01-16,128,64,17,24,16,11
2019-01-17,137,87,9,30,37,19
2019-01-18,172,82,14,26,18,10
2019-01-19,143,48,20,16,13,7
2019-01-20,90,65,20,24,16,10
2019-01-21,116,85,17,30,25,16
2019-01-22,162,41,23,19,10,6
2019-01-23,85,63,14,24,26,10
2019-01-24,138,48,20,17,10,5
2019-01-25,123,63,12,25,20,8
2019-01-26,141,99,18,23,20,12
2019-01-27,156,69,24,13,9,5
2019-01-28,89,80,22,22,26,13
2019-01-29,149,71,23,15,15,6
2019-01-30,101,67,21,20,15,7
2019-01-31,136,74,18,23,21,13
2019-02-01,137,94,26,18,16,10
2019-02-02,164,89,22,16,9,9
2019-02-03,161,54,23,14,16,6
2019-02-04,98,76,24,8,13,6
2019-02-05,169,66,27,7,9,6
2019-02-06,145,43,23,8,9,5
2019-02-07,76,44,23,14,13,6
2019-02-08,105,48,24,14,13,6
2019-02-09,116,64,22,18,16,8
2019-02-10,160,72,20,22,25,12
2019-02-11,167,38,24,16,11,6
2019-02-12,94,47,25,22,14,8
2019-02-13,129,68,13,32,30,13
2019-02-14,156,60,22,19,9,8
2019-02-15,137,38,23,19,10,4
2019-02-16,88,60,23,25,19,11
2019-02-17,142,67,20,33,28,17
2019-02-18,155,83,14,30,15,13
2019-02-19,175,75,25,25,10,9
2019-02-20,164,71,24,32,24,16
2019-02-21,161,114,12,48,29,26
2019-02-22,209,106,25,42,30,18
2019-02-23,200,68,24,28,15,10
2019-02-24,133,50,24,24,10,6
2019-02-25,97,75,35,27,17,10
2019-02-26,197,122,16,48,32,19
2019-02-27,231,96,26,41,28,21
2019-02-28,180,110,21,43,25,18
2019-03-01,188,133,43,36,26,18
2019-03-02,212,153,49,40,29,22
2019-03-03,249,147,39,38,21,18
2019-03-04,242,150,14,49,25,21
2019-03-05,265,62,28,20,6,7
2019-03-06,103,73,24,34,14,9
2019-03-07,137,84,36,31,24,16
2019-03-08,159,85,35,27,17,10
2019-03-09,165,73,29,24,11,8
2019-03-10,149,74,30,28,18,12
2019-03-11,131,68,26,13,4,4
2019-03-12,60,53,27,17,6,7
2019-03-13,74,58,29,24,13,9
2019-03-14,98,44,25,24,8,6
2019-03-15,92,48,27,22,16,8
2019-03-16,98,45,29,22,12,7
2019-03-17,92,74,41,19,23,8
2019-03-18,123,79,48,16,13,9
2019-03-19,154,74,48,20,15,9
2019-03-20,155,47,27,16,4,5
2019-03-21,91,30,29,17,6,4
2019-03-22,69,24,29,14,5,3
2019-03-23,57,85,32,20,11,9
2019-03-24,118,77,34,20,14,8
2019-03-25,121,47,27,18,6,3
2019-03-26,67,55,32,19,11,13
2019-03-27,91,35,33,17,6,3
2019-03-28,63,54,35,23,16,7
2019-03-29,153,51,26,18,9,7
2019-03-30,126,34,32,18,5,5
2019-03-31,82,34,31,19,5,5
2018-10-01,59,44,28,22,18,13
2018-10-02,102,52,39,31,18,15
2018-10-03,121,64,44,31,19,14
2018-10-04,138,57,42,34,13,13
2018-10-05,125,54,22,24,8,11
2018-10-06,93,54,21,24,14,11
2018-10-07,107,49,23,24,13,9
2018-10-08,90,43,17,19,8,8
2018-10-09,89,25,16,16,6,6
2018-10-10,58,29,18,21,6,7
2018-10-11,99,52,24,28,17,13
2018-10-12,118,64,44,28,18,15
2018-10-13,140,62,43,25,18,11
2018-10-14,126,62,23,27,9,9
2018-10-15,99,51,17,22,7,6
2018-10-16,85,52,20,23,10,8
2018-10-17,103,54,20,29,8,7
2018-10-18,113,86,15,47,19,16
2018-10-19,168,105,27,39,19,16
2018-10-20,176,116,61,33,21,16
2018-10-21,174,75,45,18,17,10
2018-10-22,157,39,25,17,8,8
2018-10-23,79,54,24,23,15,12
2018-10-24,130,68,36,28,15,13
2018-10-25,141,31,21,11,6,6
2018-10-26,54,43,19,10,7,6
2018-10-27,41,24,17,15,7,7
2018-10-28,51,23,13,12,7,4
2018-10-29,40,37,12,20,15,7
2018-10-30,89,51,12,26,15,5
2018-10-31,122,74,12,36,32,15
2018-11-01,153,91,24,35,27,15
2018-11-02,171,78,44,29,22,9
2018-11-03,163,52,21,17,11,5
2018-11-04,104,32,12,16,10,3
2018-11-05,78,54,11,23,18,6
2018-11-06,109,65,6,33,19,8
2018-11-07,153,98,4,34,22,17
2018-11-08,180,73,12,30,14,10
2018-11-09,165,39,13,21,13,5
2018-11-10,78,58,11,27,30,10
2018-11-11,132,67,10,29,22,13
2018-11-12,149,59,15,26,19,14
2018-11-13,131,80,15,34,26,16
2018-11-14,169,59,20,18,13,8
2018-11-15,107,42,18,17,11,3
2018-11-16,64,63,9,26,34,10
2018-11-17,134,59,13,26,24,13
2018-11-18,128,61,11,24,17,7
2018-11-19,119,51,11,21,13,8
2018-11-20,106,43,14,23,18,7
2018-11-21,199,35,18,18,11,5
2018-11-22,74,55,12,24,22,10
2018-11-23,129,58,8,27,20,14
2018-11-24,126,77,10,31,20,13
2018-11-25,161,104,32,21,14,12
2018-11-26,191,75,20,19,9,3
2018-11-27,81,56,12,23,13,4
2018-11-28,94,49,9,25,19,6
2018-11-29,155,67,13,25,15,8
2018-11-30,129,55,17,22,18,6
2018-12-01,104,47,23,13,9,7
2018-12-02,88,90,15,14,8,6
2018-12-03,113,38,17,11,9,5
2018-12-04,67,45,12,21,17,8
2018-12-05,115,45,17,15,12,6
2018-12-06,90,33,18,10,9,4
2018-12-07,63,42,21,13,12,4
2018-12-08,76,60,12,27,33,12
2018-12-09,128,70,13,25,28,13
2018-12-10,159,82,9,26,23,8
2018-12-11,170,57,13,24,27,10
2018-12-12,127,47,19,16,13,4
2018-12-13,100,67,12,26,32,11
2018-12-14,157,72,15,24,26,13
2018-12-15,150,88,12,29,20,12
2018-12-16,167,59,14,23,21,8
2018-12-17,118,54,16,24,26,11
2018-12-18,154,62,11,28,31,13
2018-12-19,139,68,10,28,29,14
2018-12-20,238,65,17,23,16,13
2018-12-21,139,92,5,30,36,27
2018-12-22,194, , , , , 
2018-12-23,66,61,11,20,17,11
2018-12-24,126,59,19,15,13,9
2018-12-25,102,38,23,9,10,5
2018-12-26,53,44,19,11,10,5
2018-12-27,57,57,17,13,11,6
2018-12-28,72,43,17,15,13,6
2018-12-29,66,58,11,23,22,10
2018-12-30,153, , , , , 
2018-07-01,80,43,55,21,9,7
2018-07-02,99,42,65,16,8,9
2018-07-03,130,56,94,25,10,7
2018-07-04,118,46,76,16,4,5
2018-07-05,77,46,45,24,4,7
2018-07-06,120,30,24,13,13,7
2018-07-07,75,28,18,13,11,7
2018-07-08,64,41,28,13,10,8
2018-07-09,75,37,45,14,8,6
2018-07-10,75,21,30,13,7,6
2018-07-11,57,30,18,11,6,5
2018-07-12,82,24,26,10,7,4
2018-07-13,58,20,30,12,5,6
2018-07-14,62,28,26,11,10,7
2018-07-15,75,20,26,8,8,5
2018-07-16,62,22,30,8,13,5
2018-07-17,58,24,26,8,9,5
2018-07-18,58,26,40,8,11,4
2018-07-19,59,32,39,10,10,5
2018-07-20,64,37,61,11,11,7
2018-07-21,79,48,64,11,10,6
2018-07-22,111,52,74,12,8,8
2018-07-23,125,35,38,9,10,6
2018-07-24,83,27,45,10,5,4
2018-07-25,72,32,25,17,4,7
2018-07-26,81,29,68,16,3,5
2018-07-27,79,48,87,23,4,6
2018-07-28,111,54,136,22,5,6
2018-07-29,125,60,109,19,4,8
2018-07-30,155,47,87,14,3,5
2018-07-31,116,31,60,13,3,3
2018-08-01,64,36,89,17,6,6
2018-08-02,70,60,108,20,6,10
2018-08-03,149,47,60,10,4,6
2018-08-04,98,19,38,8,3,3
2018-08-05,33,25,55,15,4,4
2018-08-06,63,34,32,21,3,7
2018-08-07,96,23,42,12,3,4
2018-08-08,71,29,60,17,4,4
2018-08-09,67,37,55,23,4,5
2018-08-10,73,34,100,18,10,6
2018-08-11,81,46,48,24,7,6
2018-08-12,114,39,43,16,7,6
2018-08-13,107,19,15,14,8,6
2018-08-14,58,19,36,13,5,5
2018-08-15,63,35,36,14,4,3
2018-08-16,51,41,70,17,11,9
2018-08-17,90,47,20,24,15,9
2018-08-18,101,46,53,16,8,7
2018-08-19,108,24,26,15,4,6
2018-08-20,69,24,41,16,4,6
2018-08-21,63,60,23,27,17,13
2018-08-22,118,45,22,20,5,7
2018-08-23,81,23,31,12,4,4
2018-08-24,49,17,29,15,4,4
2018-08-25,50,33,34,20,5,5
2018-08-26,71,39,73,23,7,7
2018-08-27,93,54,36,26,9,11
2018-08-28,117,36,23,17,8,7
2018-08-29,84,42,4,30,5,7
2018-08-30,97,25,5,29,6,1
2018-08-31,47,27,40,22,6,2
2018-09-01,69,32,29,15,16,3
2018-09-02,74,27,39,19,9,2
2018-09-03,90,24,19,17,5,4
2018-09-04,43,22,28,16,6,5
2018-09-05,75,35,26,22,14,10
2018-09-06,80,21,26,16,5,4
2018-09-07,47,18,26,15,5,4
2018-09-08,40,35,30,21,10,8
2018-09-09,78,56,36,27,16,12
2018-09-10,116,41,38,17,17,8
2018-09-11,76,29,38,11,16,6
2018-09-12,62,33,58,12,10,7
2018-09-13,73,42,49,20,12,10
2018-09-14,88,38,16,19,10,9
2018-09-15,83,38,33,22,7,6
2018-09-16,81,47,29,33,18,12
2018-09-17,109,55,61,28,15,12
2018-09-18,103,61,51,37,16,13
2018-09-19,132,65,61,28,12,12
2018-09-20,136,57,27,24,15,12
2018-09-21,119,43,18,19,8,6
2018-09-22,57,30,17,16,9,7
2018-09-23,56,23,21,16,6,5
2018-09-24,51,41,22,24,14,8
2018-09-25,98,41,62,24,14,10
2018-09-26,93,56,42,33,18,12
2018-09-27,132,36,24,20,12,9
2018-09-28,77,32,19,21,9,8
2018-09-29,79,36,18,20,5,6
2018-09-30,100,21,23,16,5,7
2018-04-01,163,92,48,17,10,10
2018-04-02,156,62,35,11,4,6
2018-04-03,110,51,40,13,6,4
2018-04-04,112,68,31,18,9,8
2018-04-05,160,56,27,17,5,8
2018-04-06,123,41,34,16,5,5
2018-04-07,64,53,34,23,15,9
2018-04-08,121,59,41,16,14,12
2018-04-09,122,72,46,13,7,8
2018-04-10,122,58,33,16,6,5
2018-04-11,73,68,35,15,6,5
2018-04-12,84,103,34,21,17,11
2018-04-13,153,64,32,14,4,8
2018-04-14,98,43,38,15,4,6
2018-04-15,79,73,49,18,17,11
2018-04-16,122,92,62,13,13,7
2018-04-17,133,85,60,12,18,8
2018-04-18,137,88,52,25,11,9
2018-04-19,137,78,75,16,15,10
2018-04-20,139,69,42,17,14,8
2018-04-21,137,41,22,16,4,8
2018-04-22,113,54,19,25,6,8
2018-04-23,133,52,49,29,5,8
2018-04-24,126,69,45,37,18,18
2018-04-25,135,70,60,17,13,9
2018-04-26,129,61,40,19,6,3
2018-04-27,90,100,76,16,14,8
2018-04-28,160,101,77,14,13,6
2018-04-29,164,56,37,18,4,3
2018-04-30,92,88,30,34,17,12
2018-05-01,190,56,39,14,5,4
2018-05-02,103,53,39,15,5,4
2018-05-03,117,61,56,26,12,6
2018-05-04,111,76,47,21,12,7
2018-05-05,119,64,46,24,17,5
2018-05-06,106,80,35,14,5,10
2018-05-07,87,67,50,21,6,5
2018-05-08,110,70,52,31,13,8
2018-05-09,113,96,91,16,13,8
2018-05-10,145,66,44,18,13,9
2018-05-11,135,48,41,17,13,7
2018-05-12,102,75,82,19,16,12
2018-05-13,159,64,64,12,11,8
2018-05-14,138,59,55,12,12,8
2018-05-15,132,39,40,12,8,6
2018-05-16,67,48,38,17,4,4
2018-05-17,108,42,47,17,5,4
2018-05-18,123,42,53,17,11,6
2018-05-19,101,39,50,13,19,4
2018-05-20,71,50,55,17,12,6
2018-05-21,93,44,36,17,8,6
2018-05-22,117,96,45,14,11,7
2018-05-23,122,108,105,18,19,10
2018-05-24,154,92,109,19,14,10
2018-05-25,149,78,101,17,12,10
2018-05-26,144,48,62,15,5,5
2018-05-27,94,51,36,26,7,10
2018-05-28,104,45,33,25,10,9
2018-05-29,122,30,41,23,5,5
2018-05-30,72,59,82,30,17,9
2018-05-31,120,62,119,23,19,13
2018-06-01,123,54,85,19,11,8
2018-06-02,85,64,104,16,14,7
2018-06-03,101,57,71,14,16,6
2018-06-04,93,62,73,11,10,7
2018-06-05,109,59,87,16,10,8
2018-06-06,112,50,66,16,9,7
2018-06-07,98,42,68,24,9,5
2018-06-08,98,55,74,24,14,9
2018-06-09,126,25,46,13,8,6
2018-06-10,68,38,29,19,10,7
2018-06-11,100,59,82,18,10,12
2018-06-12,139,36,44,17,6,7
2018-06-13,83,25,34,16,5,5
2018-06-14,62,18,40,13,9,5
2018-06-15,51,30,40,10,11,3
2018-06-16,71,40,32,16,11,5
2018-06-17,97,43,57,12,10,5
2018-06-18,96,37,33,16,9,5
2018-06-19,96,30,38,19,6,5
2018-06-20,62,54,48,25,9,8
2018-06-21,99,55,72,18,12,9
2018-06-22,99,62,106,16,11,8
2018-06-23,126,70,142,22,19,13
2018-06-24,150,61,85,16,10,8
2018-06-25,116,45,78,12,13,7
2018-06-26,76,34,48,14,4,7
2018-06-27,109,21,43,16,3,5
2018-06-28,58,43,88,21,13,10
2018-06-29,94,45,76,13,13,8
2018-06-30,81,35,48,13,10,7
2018-01-01,123,41,16,17,16,8
2018-01-02,90,45,16,19,15,8
2018-01-03,92,68,9,25,24,12
2018-01-04,161,96,8,33,40,16
2018-01-05,192,58,8,28,26,11
2018-01-06,140,91,4,32,51,22
2018-01-07,179,52,16,18,12,10
2018-01-08,96,42,18,14,12,8
2018-01-09,87,48,14,12,9,4
2018-01-10,74,47,14,19,29,7
2018-01-11,125,67,11,27,41,17
2018-01-12,172,80,9,32,55,20
2018-01-13,173,68,20,22,15,9
2018-01-14,155,42,13,23,28,8
2018-01-15,90,72,13,26,27,13
2018-01-16,150,98,2,30,41,16
2018-01-17,178,91,10,31,34,17
2018-01-18,184,71,12,30,26,13
2018-01-19,137,34,21,16,14,4
2018-01-20,67,45,16,17,17,5
2018-01-21,110,35,18,13,13,5
2018-01-22,84,38,19,13,12,4
2018-01-23,59,33,22,14,17,3
2018-01-24,57,40,21,20,28,5
2018-01-25,93,56,11,27,39,7
2018-01-26,140,99,7,32,65,15
2018-01-27,210,49,22,20,23,6
2018-01-28,98,48,24,18,18,6
2018-01-29,78,70,10,29,38,14
2018-01-30,131,40,21,23,26,7
2018-01-31,85,84,12,31,57,17
2018-02-01,172,42,23,17,17,6
2018-02-02,82,41,19,17,19,7
2018-02-03,98,66,17,23,35,11
2018-02-04,147,72,20,24,27,14
2018-02-05,148,56,22,20,25,10
2018-02-06,136,60,24,25,36,14
2018-02-07,151,81,24,25,34,15
2018-02-08,149,77,25,22,24,10
2018-02-09,142,59,27,14,13,7
2018-02-10,75,48,26,12,11,7
2018-02-11,72,58,26,17,21,8
2018-02-12,178,57,15,28,45,13
2018-02-13,121,60,27,19,21,10
2018-02-14,101,56,30,18,23,9
2018-02-15,140,76,29,13,17,9
2018-02-16,126,48,28,15,17,7
2018-02-17,93,61,29,26,45,16
2018-02-18,165,69,30,28,36,14
2018-02-19,152,48,31,20,23,9
2018-02-20,116,70,29,25,26,12
2018-02-21,162,76,26,27,30,18
2018-02-22,157,69,26,23,33,13
2018-02-23,145,48,28,19,19,9
2018-02-24,109,88,26,34,39,17
2018-02-25,182,107,17,35,41,21
2018-02-26,195,79,30,22,15,12
2018-02-27,173,104,16,35,33,17
2018-02-28,227,58,30,16,9,6
2018-03-01,102,61,27,22,26,11
2018-03-02,117,45,30,18,13,8
2018-03-03,107,41,30,11,8,5
2018-03-04,87,34,31,14,10,5
2018-03-05,83,31,27,17,14,6
2018-03-06,82,61,12,30,33,11
2018-03-07,148,42,32,14,11,6
2018-03-08,121,63,22,33,34,13
2018-03-09,158,59,36,21,15,8
2018-03-10,145,64,26,35,32,12
2018-03-11,153,76,44,15,14,10
2018-03-12,160,84,43,18,14,10
2018-03-13,167,105,36,28,21,13
2018-03-14,197,35,39,14,7,5
2018-03-15,84,42,27,32,28,12
2018-03-16,104,67,25,33,31,14
2018-03-17,152,65,30,25,13,9
2018-03-18,166,52,35,21,11,11
2018-03-19,115,27,36,14,9,6
2018-03-20,62,50,35,27,19,8
2018-03-21,114,95,34,46,30,18
2018-03-22,177,121,37,39,37,21
2018-03-23,211,131,51,31,32,23
2018-03-24,232,112,81,20,24,19
2018-03-25,184,97,71,16,20,13
2018-03-26,197,80,66,13,18,12
2018-03-27,154,87,44,18,9,8
2018-03-28,107,64,42,18,8,7
2018-03-29,107,88,47,35,25,16
2018-03-30,171,93,52,25,17,14
2018-03-31,175,90,54,22,19,14
2017-10-01,57,34,16,16,5,6
2017-10-02,27,39,22,22,6,7
2017-10-03,43,64,19,28,15,10
2017-10-04,106,60,45,16,20,13
2017-10-05,94,49,48,14,12,9
2017-10-06,84,52,48,17,9,10
2017-10-07,103,73,33,30,14,17
2017-10-08,160,42,8,17,3,9
2017-10-09,119,29,14,15,4,7
2017-10-10,73,31,19,18,3,7
2017-10-11,58,58,18,27,11,10
2017-10-12,91,47,19,24,8,11
2017-10-13,87,43,21,25,5,8
2017-10-14,71,61,7,31,13,11
2017-10-15,123,51,23,28,5,10
2017-10-16,109,81,18,37,12,13
2017-10-17,158,112,17,46,16,18
2017-10-18,187,104,17,44,24,25
2017-10-19,174,115,34,32,14,25
2017-10-20,171,50,22,18,7,13
2017-10-21,106,53,26,20,5,9
2017-10-22,112,67,25,24,7,11
2017-10-23,137,94,23,43,21,17
2017-10-24,176,133,21,58,23,26
2017-10-25,207,124,23,37,23,18
2017-10-26,198,85,35,31,24,10
2017-10-27,172,67,35,19,12,6
2017-10-28,110,44,17,18,7,3
2017-10-29,49,60,14,28,21,8
2017-10-30,116,72,20,29,25,10
2017-10-31,130,54,17,28,16,6
2017-11-01,106,113,7,31,18,9
2017-11-02,187,63,15,21,9,5
2017-11-03,140,61,10,29,27,10
2017-11-04,132,80,27,26,24,10
2017-11-05,154,76,34,28,17,11
2017-11-06,155,82,31,29,14,10
2017-11-07,150,31,17,20,13,5
2017-11-08,49,61,19,24,29,9
2017-11-09,119,78,15,16,6,5
2017-11-10,70,58,11,19,13,5
2017-11-11,78,62,17,24,26,12
2017-11-12,122,53,15,23,18,8
2017-11-13,101,37,14,15,9,6
2017-11-14,68,40,14,13,9,2
2017-11-15,60,66,13,21,26,8
2017-11-16,124,65,14,17,11,6
2017-11-17,118,46,14,15,14,5
2017-11-18,84,47,12,18,20,7
2017-11-19,96,56,2,23,50,16
2017-11-20,104,80,13,25,26,11
2017-11-21,128,48,15,16,10,5
2017-11-22,65,40,11,16,12,4
2017-11-23,67,44,11,19,24,6
2017-11-24,88,50,12,19,20,8
2017-11-25,110,44,14,19,21,7
2017-11-26,103,53,16,19,21,10
2017-11-27,100,69,18,17,13,7
2017-11-28,99,48,17,15,12,5
2017-11-29,53,34,16,19,19,6
2017-11-30,74,66,11,27,41,15
2017-12-01,134,115,16,26,21,13
2017-12-02,176,50,11,17,15,8
2017-12-03,110,43,13,20,20,8
2017-12-04,95,57,9,23,27,11
2017-12-05,129,88,11,28,44,20
2017-12-06,169,63,12,18,14,10
2017-12-07,131,72,6,24,26,15
2017-12-08,159,66,11,26,32,21
2017-12-09,139,64,13,17,12,10
2017-12-10,99,53,12,11,10,10
2017-12-11,77,49,12,17,17,9
2017-12-12,84,84,9,26,39,13
2017-12-13,174,104,2,34,62,20
2017-12-14,183,74,14,25,27,11
2017-12-15,133,45,17,16,12,4
2017-12-16,71,71,11,24,29,11
2017-12-17,129,54,15,19,19,7
2017-12-18,96,57,14,17,20,8
2017-12-19,98,82,5,31,44,14
2017-12-20,160,68,15,25,26,14
2017-12-21,139,90,13,27,22,13
2017-12-22,173,115,5,36,42,22
2017-12-23,217,49,15,20,17,7
2017-12-24,102,50,14,20,18,7
2017-12-25,96,39,15,13,9,6
2017-12-26,78,51,5,23,35,11
2017-12-27,115,87,2,30,54,20
2017-12-28,172,107,11,25,25,14
2017-12-29,196,114,2,33,40,17
2017-12-30,222,100,7,30,38,16
2017-12-31,223,53,13,18,19,10
2017-07-01,149,45,42,18,8,7
2017-07-02,106,45,72,22,7,7
2017-07-03,95,30,61,18,9,4
2017-07-04,65,48,104,17,7,6
2017-07-05,106,46,91,16,9,6
2017-07-06,106,29,43,12,3,4
2017-07-07,70,44,67,9,5,6
2017-07-08,118,31,49,11,6,4
2017-07-09,76,32,52,11,2,4
2017-07-10,80,50,109,11,1,7
2017-07-11,116,56,75,10,2,6
2017-07-12,126,44,68,10,4,4
2017-07-13,105,39,60,17,3,4
2017-07-14,91,44,81,17,6,7
2017-07-15,92,44,64,13,3,6
2017-07-16,93,30,61,11,3,3
2017-07-17,77,44,71,12,3,4
2017-07-18,94,43,59,12,3,4
2017-07-19,102,46,49,14,2,5
2017-07-20,107,15,44,12,1,1
2017-07-21,49,39,16,26,5,3
2017-07-22,73,58,89,31,4,3
2017-07-23,116,53,55,33,4,4
2017-07-24,116,29,42,19,4,2
2017-07-25,52,56,52,28,15,10
2017-07-26,97,47,54,21,6,6
2017-07-27,111,30,50,15,2,2
2017-07-28,73,36,73,21,3,3
2017-07-29,70,52,84,17,7,5
2017-07-30,120,45,93,15,10,7
2017-07-31,108,42,64,13,5,7
2017-08-01,100,32,28,14,8,4
2017-08-02,78,29,27,10,5,4
2017-08-03,68,17,39,11,4,4
2017-08-04,51,24,62,14,4,4
2017-08-05,54,34,61,20,10,6
2017-08-06,63,34,60,19,1,2
2017-08-07,74,40,104,27,7,3
2017-08-08,94,63,99,33,9,9
2017-08-09,131,41,76,19,5,7
2017-08-10,95,42,111,16,5,7
2017-08-11,87,40,81,15,17,4
2017-08-12,72,45,73,19,7,6
2017-08-13,90,47,37,22,6,4
2017-08-14,86,28,36,17,2,2
2017-08-15,68,66,28,24,10,7
2017-08-16,100,33,26,18,3,9
2017-08-17,79,31,22,19,4,7
2017-08-18,68,41,47,20,5,8
2017-08-19,83,45,61,18,6,7
2017-08-20,93,34,50,13,8,7
2017-08-21,77,69,82,13,4,16
2017-08-22,153,33,28,16,4,5
2017-08-23,89,36,35,19,3,4
2017-08-24,67,47,24,21,6,8
2017-08-25,82,31,33,18,6,3
2017-08-26,47,44,36,20,15,9
2017-08-27,82,29,30,13,2,6
2017-08-28,66,29,27,15,7,4
2017-08-29,42,37,27,19,7,6
2017-08-30,78,61,32,32,14,10
2017-08-31,109,65,32,33,9,12
2017-09-01,140,55,72,32,6,10
2017-09-02,132,66,76,29,11,13
2017-09-03,147,51,64,15,11,8
2017-09-04,120,41,44,16,7,6
2017-09-05,99,46,12,19,13,8
2017-09-06,113, , , , , 
2017-09-11,51,36,21,21,8,6
2017-09-12,64,44,28,26,16,7
2017-09-13,84,56,48,31,13,8
2017-09-14,117,60,48,26,16,10
2017-09-15,123,49,55,19,16,8
2017-09-16,90,36,34,23,6,6
2017-09-17,79,55,54,23,18,13
2017-09-18,114,30,32,14,4,7
2017-09-19,55,37,41,19,6,6
2017-09-20,62,48,59,20,15,10
2017-09-21,81,49,46,18,12,7
2017-09-22,99,51,47,20,15,10
2017-09-23,78,50,42,19,12,6
2017-09-24,73,66,49,22,10,10
2017-09-25,127,39,35,19,7,7
2017-09-26,88,34,20,22,8,8
2017-09-27,74,29,22,18,5,6
2017-09-28,50,50,23,26,19,9
2017-09-29,78,80,50,28,20,17
2017-09-30,128,43,48,14,5,7
2017-04-01,123,80,53,29,18,10
2017-04-02,140,85,74,20,16,11
2017-04-03,154,95,87,18,21,9
2017-04-04,155,75,68,15,14,6
2017-04-05,119,68,30,19,8,7
2017-04-06,139,85,57,20,6,8
2017-04-07,166,55,42,14,3,5
2017-04-08,83,51,45,16,4,4
2017-04-09,78,80,55,28,21,11
2017-04-10,144,63,38,11,3,4
2017-04-11,67,52,39,15,2,2
2017-04-12,52,69,49,21,18,6
2017-04-13,121,89,74,16,12,8
2017-04-14,158,79,85,18,21,9
2017-04-15,168,69,45,24,9,6
2017-04-16,114,72,51,19,9,7
2017-04-17,131,65,42,13,3,4
2017-04-18,82,61,34,23,10,5
2017-04-19,99,76,31,15,7,8
2017-04-20,134,80,47,21,5,5
2017-04-21,125,75,50,16,14,8
2017-04-22,110,56,41,13,5,5
2017-04-23,77,47,29,22,7,7
2017-04-24,114,43,33,20,6,4
2017-04-25,73,46,33,20,5,3
2017-04-26,98,58,35,25,6,6
2017-04-27,111,57,35,27,5,5
2017-04-28,111,73,46,22,11,8
2017-04-29,136,105,40,13,3,3
2017-04-30,124,59,60,22,8,4
2017-05-01,127,60,66,15,8,6
2017-05-02,121,64,67,11,11,4
2017-05-03,146,54,57,17,4,6
2017-05-04,129,104,38,15,3,5
2017-05-05,153,183,31,13,12,4
2017-05-06,148,107,45,17,3,4
2017-05-07,148,94,98,29,9,10
2017-05-08,153,78,63,14,5,7
2017-05-09,146,63,68,13,4,5
2017-05-10,100,79,65,14,5,5
2017-05-11,123,136,37,18,4,4
2017-05-12,128,57,43,11,4,3
2017-05-13,78,53,33,12,3,3
2017-05-14,71,35,40,13,2,3
2017-05-15,67,47,63,22,9,8
2017-05-16,104,58,98,19,7,7
2017-05-17,126,80,112,12,7,6
2017-05-18,142,75,117,15,6,7
2017-05-19,148,57,101,16,7,6
2017-05-20,112,53,78,16,4,3
2017-05-21,99,41,25,17,3,3
2017-05-22,69,34,43,14,2,2
2017-05-23,70,39,45,20,4,4
2017-05-24,99,25,40,10,2,2
2017-05-25,42,37,46,26,4,3
2017-05-26,75,41,76,28,6,6
2017-05-27,97,60,90,14,5,4
2017-05-28,110,93,23,23,6,6
2017-05-29,125,45,74,16,5,5
2017-05-30,120,54,75,18,5,6
2017-05-31,116,51,34,21,5,3
2017-06-01,78,40,29,19,4,2
2017-06-02,64,33,40,17,3,3
2017-06-03,59,45,47,17,9,7
2017-06-04,89,44,73,25,9,6
2017-06-05,102,64,46,19,16,7
2017-06-06,109,54,57,13,4,4
2017-06-07,123,89,61,21,6,8
2017-06-08,126,52,40,17,4,3
2017-06-09,74,51,35,20,9,3
2017-06-10,76,35,35,20,6,5
2017-06-11,64,39,41,20,12,5
2017-06-12,71,44,62,25,4,3
2017-06-13,88,63,100,17,10,9
2017-06-14,126,74,130,27,14,15
2017-06-15,145,68,133,21,9,7
2017-06-16,110,83,126,14,16,9
2017-06-17,160,68,110,16,11,8
2017-06-18,156,152,66,16,6,6
2017-06-19,140,26,62,13,8,5
2017-06-20,77,38,53,16,6,8
2017-06-21,98,29,48,21,3,4
2017-06-22,67,42,58,24,6,5
2017-06-23,96,39,48,19,7,7
2017-06-24,101,32,51,23,2,5
2017-06-25,109,55,94,27,8,10
2017-06-26,145,35,93,15,8,11
2017-06-27,116,41,81,12,9,6
2017-06-28,94,42,54,11,10,6
2017-06-29,94,60,87,11,12,6
2017-06-30,146,62,105,11,9,7
2017-01-02,94,99,8,42,77,24
2017-01-03,180,94,7,42,72,20
2017-01-04,174,77,7,38,80,11
2017-01-05,156,97,5,41,97,18
2017-01-06,177,156,4,45,77,22
2017-01-07,261,141,8,43,59,16
2017-01-08,253,47,21,25,46,6
2017-01-09,70,45,21,22,38,6
2017-01-10,78,60,14,33,84,11
2017-01-11,117,48,20,25,44,6
2017-01-12,88,52,22,18,26,4
2017-01-13,60,45,16,20,37,5
2017-01-14,70,87,4,35,75,14
2017-01-15,170,112,9,36,112,18
2017-01-16,194,119,6,41,82,18
2017-01-17,200,95,13,31,48,12
2017-01-18,164,102,10,30,96,15
2017-01-19,173,49,16,20,39,5
2017-01-20,87,75,21,22,56,12
2017-01-21,112,81,18,20,41,7
2017-01-22,119,97,18,29,74,13
2017-01-23,164,112,9,36,101,16
2017-01-24,202,112,18,36,77,23
2017-01-25,194,100,33,17,23,8
2017-01-26,135,76,25,17,38,4
2017-01-27,84,59,26,17,46,8
2017-01-28,134,52,23,14,36,6
2017-01-29,105,42,21,15,35,4
2017-01-30,83,67,19,29,101,16
2017-01-31,143,38,25,14,29,4
2017-02-01,67,69,16,27,56,15
2017-02-02,160,110,24,39,85,25
2017-02-03,194,116,37,27,31,14
2017-02-04,215,78,24,23,37,7
2017-02-05,144,36,24,19,38,5
2017-02-06,66,97,4,39,95,14
2017-02-07,182,61,25,18,28,4
2017-02-08,91,51,24,14,23,3
2017-02-09,66,39,21,18,25,4
2017-02-10,81,55,21,25,39,5
2017-02-11,128,108,23,37,53,11
2017-02-12,210,102,24,35,80,16
2017-02-13,176,97,25,37,74,14
2017-02-14,184,77,40,22,26,9
2017-02-15,167,70,33,23,21,4
2017-02-16,99,52,32,20,23,5
2017-02-17,88,61,28,27,52,8
2017-02-18,130,77,27,20,27,8
2017-02-19,130,52,30,18,31,5
2017-02-20,81,86,16,33,73,13
2017-02-21,157,67,21,27,28,9
2017-02-22,126,33,31,19,22,4
2017-02-23,62,63,24,33,49,10
2017-02-24,138,44,26,29,37,6
2017-02-25,107,58,20,33,48,8
2017-02-26,131,64,31,28,61,13
2017-02-27,130,74,29,30,36,10
2017-02-28,155,28,25,14,24,3
2017-03-01,37,69,22,31,51,9
2017-03-02,118,70,29,30,46,9
2017-03-03,130,66,32,29,50,8
2017-03-04,134,50,31,16,22,3
2017-03-05,101,40,30,19,21,4
2017-03-06,75,51,28,19,22,4
2017-03-07,84,63,31,21,20,5
2017-03-08,93,59,36,25,19,5
2017-03-09,91,93,46,41,44,13
2017-03-10,177,131,34,45,55,16
2017-03-11,207,65,37,20,18,5
2017-03-12,85,63,42,25,23,5
2017-03-13,111,76,42,32,36,7
2017-03-14,148,140,46,45,64,15
2017-03-15,227,101,50,43,47,15
2017-03-16,179,137,42,41,54,16
2017-03-17,213,114,56,31,23,11
2017-03-18,193,92,41,38,41,10
2017-03-19,154,68,36,22,22,7
2017-03-20,100,65,34,25,17,7
2017-03-21,97,63,35,22,24,9
2017-03-22,112,89,43,32,32,10
2017-03-23,152,105,40,41,51,13
2017-03-24,171,96,43,37,49,12
2017-03-25,168,113,37,33,38,16
2017-03-26,187,119,47,38,38,14
2017-03-27,191,95,43,30,26,11
2017-03-28,143,89,48,20,17,10
2017-03-29,153,85,51,21,13,6
2017-03-30,150,103,46,30,20,8
2017-03-31,160,74,41,31,11,7
2016-10-01,143,64,81,25,22,12
2016-10-02,148,40,36,15,5,8
2016-10-03,98,37,13,20,9,8
2016-10-04,81,32,12,16,2,6
2016-10-05,88,44,17,24,5,8
2016-10-06,114,58,8,29,17,12
2016-10-07,142,26,14,17,1,7
2016-10-08,64,34,20,21,10,6
2016-10-09,81,61,15,29,13,10
2016-10-10,133,52,19,18,4,5
2016-10-11,87,145,22,28,16,11
2016-10-12,156,74,16,33,22,12
2016-10-13,162,83,30,32,18,13
2016-10-14,157,72,54,22,13,8
2016-10-15,138,84,24,27,13,12
2016-10-16,170,19,22,18,4,5
2016-10-17,49,71,25,31,14,10
2016-10-18,153,87,31,28,16,11
2016-10-19,160,51,16,21,8,5
2016-10-20,120,128,5,44,21,13
2016-10-21,234,38,16,17,5,5
2016-10-22,123,39,14,24,10,5
2016-10-23,99,81,8,39,31,15
2016-10-24,166,87,17,36,22,13
2016-10-25,172,28,19,16,10,5
2016-10-26,71,81,9,35,30,11
2016-10-27,170,41,17,24,11,6
2016-10-28,110,48,16,23,25,6
2016-10-29,105,53,7,25,29,9
2016-10-30,128,35,17,16,15,5
2016-10-31,68,73,11,27,50,9
2016-11-01,147,62,12,32,66,9
2016-11-02,133,70,4,35,67,9
2016-11-03,156,115,7,36,70,15
2016-11-04,191,173,23,32,39,11
2016-11-05,292,81,16,29,47,6
2016-11-06,184,126,20,28,38,8
2016-11-07,275,49,15,25,36,5
2016-11-08,127,71,7,32,69,11
2016-11-09,158,48,15,19,32,7
2016-11-10,108,51,11,23,39,7
2016-11-11,141,61,12,27,48,8
2016-11-12,145,75,18,27,60,11
2016-11-13,162,72,17,19,25,6
2016-11-14,117,48,16,22,39,6
2016-11-15,97,88,7,30,69,14
2016-11-16,171,140,9,37,63,19
2016-11-17,256,82,17,26,41,10
2016-11-18,162,38,13,16,21,7
2016-11-19,116,35,13,22,41,6
2016-11-20,107,32,14,18,35,5
2016-11-21,78,29,15,18,26,4
2016-11-22,69,51,11,25,46,7
2016-11-23,120,74,11,27,52,11
2016-11-24,155,76,9,28,69,14
2016-11-25,159,98,7,31,49,14
2016-11-26,184,46,10,23,46,5
2016-11-27,148,71,8,31,53,11
2016-11-28,155,69,9,31,67,9
2016-11-29,142,66,16,23,32,10
2016-11-30,141,46,18,18,23,5
2016-12-01,82,76,9,30,48,15
2016-12-02,138,106,23,26,35,12
2016-12-03,183,84,19,28,44,11
2016-12-04,163,31,14,19,25,5
2016-12-05,70,67,4,26,52,12
2016-12-06,150,80,4,26,52,7
2016-12-07,168,82,4,30,70,15
2016-12-08,162,52,14,27,42,7
2016-12-09,123,97,9,39,91,18
2016-12-10,192,93,17,30,76,16
2016-12-11,170,69,14,28,46,10
2016-12-12,153,58,14,26,51,8
2016-12-13,121,73,7,30,76,9
2016-12-14,166,143,4,43,92,19
2016-12-15,245,79,7,33,63,17
2016-12-16,150,101,10,34,68,18
2016-12-17,185,135,6,49,77,25
2016-12-18,237,155,11,38,49,22
2016-12-19,269,138,10,36,57,20
2016-12-20,236,127,6,31,59,16
2016-12-21,222,60,11,20,25,7
2016-12-22,104,43,17,23,39,6
2016-12-23,75,123,5,44,114,19
2016-12-24,226,69,13,31,65,16
2016-12-25,136,50,17,17,39,5
2016-12-26,84,56,13,27,63,7
2016-12-27,128,68,15,26,56,11
2016-12-28,120,47,12,21,33,5
2016-12-29,75,82,9,31,91,17
2016-12-30,167,103,12,28,40,15
2016-12-31,193,149,13,30,48,18
2016-07-01,110,27,46,16,4,4
2016-07-02,75,52,86,17,12,10
2016-07-03,117,68,99,21,7,10
2016-07-04,148,71,109,26,7,9
2016-07-05,165,50,59,12,9,7
2016-07-06,111,57,81,14,4,6
2016-07-07,134,55,76,16,5,5
2016-07-08,127,55,45,10,2,8
2016-07-09,156,62,71,9,2,8
2016-07-10,142,55,72,9,3,6
2016-07-11,124,52,29,11,8,5
2016-07-12,105,22,43,11,2,3
2016-07-13,73,35,38,12,2,12
2016-07-14,74,53,40,26,9,6
2016-07-15,84,72,34,31,6,7
2016-07-16,161,54,43,21,7,6
2016-07-17,146,60,85,17,15,10
2016-07-18,138,57,69,15,9,7
2016-07-19,125,55,55,18,9,7
2016-07-20,122,39,27,13,2,6
2016-07-21,104,29,16,16,5,6
2016-07-22,67,39,45,10,8,6
2016-07-23,103,53,60,11,10,7
2016-07-24,129,51,31,15,5,7
2016-07-25,127,28,27,8,2,4
2016-07-26,71,57,81,8,10,10
2016-07-27,134,67,84,4,9,13
2016-07-28,165,59,64,8,6,8
2016-07-29,144,57,71,8,13,10
2016-07-30,144,48,45,14,8,7
2016-07-31,113,50,47,24,9,10
2016-08-01,117,58,79,23,9,10
2016-08-02,139,62,109,22,8,8
2016-08-03,138,76,99,22,9,9
2016-08-04,161,50,73,12,5,6
2016-08-05,119,50,56,10,9,8
2016-08-06,99,28,33,8,4,3
2016-08-07,68,31,48,15,11,6
2016-08-08,51,52,70,20,15,7
2016-08-09,102,61,47,11,11,8
2016-08-10,136,53,58,9,9,5
2016-08-11,110,57,46,11,10,6
2016-08-12,129,62,59,8,6,7
2016-08-13,145,29,37,11,6,8
2016-08-14,99,41,35,23,10,4
2016-08-15,68,57,74,21,14,6
2016-08-16,93,73,84,24,13,7
2016-08-17,118,66,30,24,15,11
2016-08-18,127,32,23,13,8,6
2016-08-19,74,38,39,14,7,5
2016-08-20,68,62,16,22,11,5
2016-08-21,83,31,47,16,8,3
2016-08-22,54,57,58,25,16,8
2016-08-23,105,65,34,22,28,10
2016-08-24,110,31,24,12,9,4
2016-08-25,53,50,34,27,15,6
2016-08-26,88,49,43,23,15,6
2016-08-27,96,42,46,19,12,6
2016-08-28,85,42,32,12,7,3
2016-08-29,59,34,19,10,5,2
2016-08-30,40,12,16,10,3,2
2016-08-31,21,18,9,14,7,6
2016-09-01,51,36,48,15,18,5
2016-09-02,76,43,31,25,8,7
2016-09-03,98,48,45,22,12,9
2016-09-04,108,58,53,20,16,11
2016-09-05,128,55,44,15,7,7
2016-09-06,127,55,33,27,17,11
2016-09-07,117,54,43,21,15,10
2016-09-08,119,61,59,26,15,11
2016-09-09,136,47,42,20,13,8
2016-09-10,98,59,32,23,11,5
2016-09-11,112,65,15,34,10,9
2016-09-12,140,83,37,34,8,9
2016-09-13,163,73,61,24,17,14
2016-09-14,155,71,55,17,13,10
2016-09-15,151,49,36,15,4,6
2016-09-16,98,25,27,15,4,3
2016-09-17,40,24,24,17,5,3
2016-09-18,43,45,28,24,11,5
2016-09-19,78,64,34,33,16,9
2016-09-20,127,61,41,23,15,9
2016-09-21,123,56,39,19,20,6
2016-09-22,107,51,29,24,13,7
2016-09-23,125,46,38,15,10,5
2016-09-24,105,50,27,23,6,6
2016-09-25,112,75,39,27,17,10
2016-09-26,161,30,10,15,7,7
2016-09-27,81,24,15,16,5,5
2016-09-28,63,61,25,27,21,9
2016-09-29,134,79,54,34,26,16
2016-09-30,163,70,109,27,18,12
2016-04-01,148,75,37,16,8,2
2016-04-02,91,67,35,15,11,3
2016-04-03,81,70,45,14,15,6
2016-04-04,102,68,42,16,6,5
2016-04-05,103,78,68,22,14,9
2016-04-06,147,71,48,14,6,6
2016-04-07,101,167,34,21,14,8
2016-04-08,134,123,33,9,5,4
2016-04-09,100,65,33,16,16,7
2016-04-10,93,70,40,22,18,9
2016-04-11,130,81,34,22,9,8
2016-04-12,137,92,28,21,14,10
2016-04-13,174,93,50,21,7,8
2016-04-14,183,72,51,26,13,7
2016-04-15,146,77,45,19,12,7
2016-04-16,145,65,24,16,5,4
2016-04-17,118,76,29,24,16,8
2016-04-18,139,62,48,14,8,6
2016-04-19,120,58,52,16,11,6
2016-04-20,106,77,90,15,14,7
2016-04-21,132,90,43,18,5,4
2016-04-22,111,77,39,18,5,4
2016-04-23,86,84,51,22,19,8
2016-04-24,118,94,45,14,7,5
2016-04-25,120,71,31,22,7,5
2016-04-26,126,61,51,17,5,5
2016-04-27,122,58,45,19,6,4
2016-04-28,90,73,32,37,12,8
2016-04-29,133,80,62,26,10,9
2016-04-30,161,84,67,15,14,10
2016-05-01,165,68,60,13,8,8
2016-05-02,144,33,37,9,1,4
2016-05-03,62,46,41,21,2,5
2016-05-04,70,66,45,26,17,9
2016-05-05,104,100,34,17,3,5
2016-05-06,123,68,44,17,3,4
2016-05-07,81,63,65,24,17,8
2016-05-08,111,78,62,20,13,7
2016-05-09,133,87,66,27,11,9
2016-05-10,151,82,92,28,18,10
2016-05-11,144,67,80,14,6,6
2016-05-12,125,60,38,17,10,9
2016-05-13,111,55,32,21,15,6
2016-05-14,92,49,35,19,2,6
2016-05-15,113,78,49,27,11,9
2016-05-16,143,65,98,16,22,9
2016-05-17,119,77,109,16,16,7
2016-05-18,139,66,92,17,13,6
2016-05-19,129,56,76,20,13,5
2016-05-20,108,70,98,32,15,9
2016-05-21,129,54,32,29,8,4
2016-05-22,78,75,52,36,11,8
2016-05-23,131,57,59,15,5,8
2016-05-24,154,52,50,19,8,6
2016-05-25,121,57,40,18,9,7
2016-05-26,110,72,75,24,18,8
2016-05-27,94,77,91,18,19,8
2016-05-28,103,65,61,11,6,4
2016-05-29,84,79,90,21,19,8
2016-05-30,110,51,40,18,6,3
2016-05-31,68,70,49,35,13,7
2016-06-01,123,67,73,31,19,9
2016-06-02,119,67,90,15,13,8
2016-06-03,114,70,88,16,14,6
2016-06-04,133,57,92,14,12,6
2016-06-05,107,54,69,15,11,6
2016-06-06,101,44,54,20,6,4
2016-06-07,67,62,64,26,17,6
2016-06-08,121,73,104,17,15,12
2016-06-09,139,57,51,14,13,5
2016-06-10,98,41,33,17,5,5
2016-06-11,90,44,49,21,15,7
2016-06-12,122,51,54,24,9,7
2016-06-13,128,60,54,31,11,8
2016-06-14,127,38,44,21,4,5
2016-06-15,109,59,64,21,7,7
2016-06-16,146,68,57,25,17,12
2016-06-17,160,58,83,12,13,6
2016-06-18,146,43,64,12,6,4
2016-06-19,115,60,93,21,17,8
2016-06-20,143,62,56,15,15,7
2016-06-21,151,48,57,14,6,7
2016-06-22,127,43,57,13,5,5
2016-06-23,112,22,32,13,1,2
2016-06-24,67,26,40,15,1,2
2016-06-25,56,50,57,23,7,6
2016-06-26,121,57,81,20,16,9
2016-06-27,127,64,72,13,9,8
2016-06-28,150,47,40,14,14,7
2016-06-29,122,41,45,14,6,7
2016-06-30,118,35,44,17,3,5
2016-01-04,143,68,13,20,51,6
2016-01-05,119,67,15,22,47,7
2016-01-06,134,75,12,25,51,7
2016-01-07,148,70,14,23,41,6
2016-01-08,142,114,11,33,87,14
2016-01-09,196,61,14,23,51,6
2016-01-10,127,70,17,25,47,7
2016-01-11,139,83,14,27,58,8
2016-01-12,161,77,19,25,43,9
2016-01-13,134,110,12,33,92,15
2016-01-14,194,138,4,37,102,18
2016-01-15,207,121,11,27,58,10
2016-01-16,196,78,19,19,48,7
2016-01-17,153,53,19,18,35,5
2016-01-18,110,60,15,18,44,5
2016-01-19,128,83,13,26,74,7
2016-01-20,178,128,14,28,81,12
2016-01-21,204,82,16,21,47,7
2016-01-22,155,57,17,15,35,4
2016-01-23,100,83,13,22,58,8
2016-01-24,137,136,11,33,107,16
2016-01-25,191,109,17,31,75,10
2016-01-26,188,99,18,32,72,11
2016-01-27,165,137,18,35,108,19
2016-01-28,199,73,20,20,52,6
2016-01-29,147,63,20,22,54,6
2016-01-30,139,69,23,25,59,7
2016-01-31,151,116,18,33,102,12
2016-02-01,198,105,14,35,75,12
2016-02-02,180,131,20,35,111,18
2016-02-03,211,68,27,24,41,5
2016-02-04,119,70,23,23,39,6
2016-02-05,133,78,19,27,61,8
2016-02-06,171,98,26,28,86,13
2016-02-07,173,101,24,26,67,7
2016-02-08,181,71,26,22,55,8
2016-02-09,136,67,31,19,59,11
2016-02-10,127,75,34,23,58,9
2016-02-11,118,86,14,24,52,12
2016-02-12,152,60,21,12,36,7
2016-02-13,105,61,27,12,28,6
2016-02-14,77,63,23,22,56,9
2016-02-15,132,60,26,20,40,10
2016-02-16,123,67,21,23,62,10
2016-02-17,110,69,23,23,44,6
2016-02-18,126,55,26,20,41,4
2016-02-19,108,54,26,17,36,4
2016-02-20,99,56,24,19,54,6
2016-02-21,105,78,23,19,44,7
2016-02-22,143,64,26,17,44,5
2016-02-23,123,82,21,28,73,10
2016-02-24,152,56,28,21,43,5
2016-02-25,115,90,22,29,64,8
2016-02-26,168,77,30,24,46,7
2016-02-27,155,87,22,26,65,8
2016-02-28,160,54,26,16,33,4
2016-02-29,106,89,20,28,66,10
2016-03-01,159,111,27,27,50,10
2016-03-02,170,158,27,37,65,12
2016-03-03,179,115,34,37,59,14
2016-03-04,193,270,15,27,31,7
2016-03-05,184,352,23,25,49,10
2016-03-06,187,96,22,23,44,7
2016-03-07,131,67,25,11,13,4
2016-03-08,80,53,26,12,18,3
2016-03-09,73,45,27,15,20,4
2016-03-10,81,58,28,22,44,5
2016-03-11,127,78,30,24,62,9
2016-03-12,152,68,34,19,36,5
2016-03-13,113,91,33,30,63,10
2016-03-14,166,134,36,34,73,17
2016-03-15,188,142,44,27,64,14
2016-03-16,191,73,43,13,33,8
2016-03-17,133,90,43,17,26,6
2016-03-18,140,77,40,18,30,5
2016-03-19,142,112,46,41,48,12
2016-03-20,186,138,50,39,61,15
2016-03-21,210,91,34,16,22,5
2016-03-22,136,69,31,20,31,5
2016-03-23,121,67,36,24,31,5
2016-03-24,134,80,41,31,44,8
2016-03-25,167,96,37,37,49,12
2016-03-26,184,104,41,34,57,13
2016-03-27,192,149,50,20,44,9
2016-03-28,144,76,36,19,23,6
2016-03-29,97,71,41,23,26,6
2016-03-30,119,268,81,18,37,8
2016-03-31,166,111,55,17,8,6
2015-10-01,81,55,26,13,6,6
2015-10-02,67,46,24,20,7,5
2015-10-03,63,83,40,32,25,12
2015-10-04,161,89,64,18,24,10
2015-10-05,157,101,85,19,25,12
2015-10-06,177,76,58,17,24,9
2015-10-07,156,37,26,14,2,5
2015-10-08,59,60,18,22,11,8
2015-10-09,88,48,20,18,7,5
2015-10-10,79,38,11,18,4,5
2015-10-11,62,64,17,25,15,8
2015-10-12,123,64,24,31,12,8
2015-10-13,127,109,23,43,28,13
2015-10-14,187,94,71,38,36,12
2015-10-15,178,107,74,39,34,14
2015-10-16,181,93,74,26,24,9
2015-10-17,169,43,29,15,6,3
2015-10-18,84,101,27,35,31,10
2015-10-19,174,82,20,26,11,5
2015-10-20,145,94,22,31,9,7
2015-10-21,175,115,18,46,24,17
2015-10-22,207,98,7,35,31,16
2015-10-23,178,64,28,20,12,6
2015-10-24,125,213,37,46,24,13
2015-10-25,309,156,10,39,34,18
2015-10-26,246,53,17,17,9,5
2015-10-27,84,50,17,20,13,6
2015-10-28,95,56,14,20,20,6
2015-10-29,98,55,17,21,16,5
2015-10-30,95,81,15,29,52,9
2015-10-31,158,100,17,38,82,15
2015-11-01,178,150,16,47,67,21
2015-11-02,222,138,41,37,78,18
2015-11-03,235,91,46,28,50,9
2015-11-04,167,77,19,21,29,6
2015-11-05,160,143,22,29,41,9
2015-11-06,232,296,10,34,34,14
2015-11-07,414,817,13,49,44,24
2015-11-08,728,280,18,38,50,14
2015-11-09,396,140,20,30,51,10
2015-11-10,261,107,11,34,66,11
2015-11-11,195,146,4,41,86,23
2015-11-12,233,128,9,44,85,23
2015-11-13,204,101,7,33,80,17
2015-11-14,180,102,10,22,42,14
2015-11-15,184,92,9,25,45,8
2015-11-16,169,99,15,22,44,7
2015-11-17,184,102,19,25,44,9
2015-11-18,184,87,13,21,38,8
2015-11-19,176,67,14,22,45,7
2015-11-20,157,82,20,29,56,9
2015-11-21,172,90,16,27,54,11
2015-11-22,179,63,16,17,41,8
2015-11-23,139,58,14,18,48,6
2015-11-24,130,71,16,22,54,6
2015-11-25,155,56,18,19,44,4
2015-11-26,117,95,6,32,90,12
2015-11-27,165,135,8,36,85,16
2015-11-28,218,137,4,39,94,19
2015-11-29,215,99,5,39,91,13
2015-11-30,188,81,16,30,74,15
2015-12-01,169,49,14,22,41,9
2015-12-02,113,48,13,16,28,7
2015-12-03,102,74,12,24,56,9
2015-12-04,118,52,16,21,46,7
2015-12-05,103,111,5,33,106,15
2015-12-06,183,154,2,43,109,22
2015-12-07,245,151,8,37,115,24
2015-12-08,234,86,18,26,55,12
2015-12-09,165,77,19,19,38,10
2015-12-10,164,80,17,21,48,7
2015-12-11,170,154,1,40,114,18
2015-12-12,254,165,6,34,69,15
2015-12-13,264,188,2,37,75,19
2015-12-14,291,71,13,23,40,15
2015-12-15,133,49,12,17,41,5
2015-12-16,98,63,7,20,62,8
2015-12-17,133,80,9,25,64,10
2015-12-18,150,120,4,34,113,18
2015-12-19,202,67,14,22,51,10
2015-12-20,143,149,5,30,64,18
2015-12-21,228,221,2,43,86,31
2015-12-22,317,138,13,33,55,19
2015-12-23,238,57,15,23,50,7
2015-12-24,126,108,3,30,77,15
2015-12-25,178,65,15,16,41,6
2015-12-26,136,103,4,25,88,11
2015-12-27,190,121,3,35,118,19
2015-12-28,199,132,1,35,119,25
2015-12-29,217,150,5,34,76,21
2015-12-30,232,209,5,46,121,28
2015-12-31,299, , , , , 
2016-01-03,167,61,14,20,40,6
2015-07-01,66,29,12,20, ,3
2015-07-02,71,36,17,18,1,3
2015-07-03,95,60,23,28,3,8
2015-07-04,138,41,34,22,1,6
2015-07-05,107,57,27,27,6,11
2015-07-06,125,60,40,27,6,8
2015-07-07,130,62,45,28,5,7
2015-07-08,130,71,71,29,8,8
2015-07-09,149,42,25,18,3,6
2015-07-10,90,52,19,13,1,7
2015-07-11,104,71,20,14,1,10
2015-07-12,149,41,18,14,2,5
2015-07-13,94,65,27,25,4,7
2015-07-14,131,31,20,16,3,6
2015-07-15,70,49,18,18,3,5
2015-07-16,77,50,20,21,3,5
2015-07-17,79,82,40,26,6,7
2015-07-18,145,51,36,12,3,5
2015-07-19,101,55,26,13,2,7
2015-07-20,112,59,11,10,1,7
2015-07-21,115,78,10,9,1,9
2015-07-22,136,103,5,6, ,9
2015-07-23,120,101,4,6, ,8
2015-07-24,138,58,3,8, ,8
2015-07-25,129,42,9,7, ,7
2015-07-26,158,122,13,10,1,10
2015-07-27,262,61,14,11,1,10
2015-07-28,155,236,12,10,1,7
2015-07-29,153,55,8,13,1,8
2015-07-30,153,59,12,15,2,7
2015-07-31,146,48,18,12,1,9
2015-08-01,123,43,8,8,1,6
2015-08-02,101,56,10,7,1,8
2015-08-03,139,35,68,10,2,7
2015-08-04,93,51,98,20,9,13
2015-08-05,95,35,34,16,5,6
2015-08-06,70,37,28,17,2,7
2015-08-07,82,43,45,16,7,7
2015-08-08,88,59,45,18,6,8
2015-08-09,127,41,46,22,5,6
2015-08-10,82,49,48,25,9,5
2015-08-11,88,47,54,23,8,5
2015-08-12,73,61,121,24,9,8
2015-08-13,107,72,93,20,12,9
2015-08-14,132,73,71,13,10,9
2015-08-15,144,75,96,15,13,12
2015-08-16,161,74,96,14,12,10
2015-08-17,161,77,96,18,22,10
2015-08-18,165,67,70,19,19,10
2015-08-19,152,47,55,17,11,8
2015-08-20,115,44,64,18,5,7
2015-08-21,95,44,59,20,7,5
2015-08-22,80,49,53,21,6,6
2015-08-23,96,49,63,20,7,6
2015-08-24,94,46,36,18,7,5
2015-08-25,84,39,30,17,7,4
2015-08-26,54,45,33,23,8,4
2015-08-27,70,35,20,20,2,5
2015-08-28,78,31,27,17,2,4
2015-08-29,69,59,33,25,8,6
2015-08-30,88,64,40,31,14,8
2015-08-31,124,60,39,26,11,8
2015-09-01,106,60,43,24,13,7
2015-09-02,110,50,39,22,7,6
2015-09-03,107,39,38,19,11,4
2015-09-04,64,34,39,15,5,3
2015-09-05,51,49,37,21,9,4
2015-09-06,60,71,60,39,20,9
2015-09-07,126,71,74,35,23,12
2015-09-08,131,61,33,23,15,10
2015-09-09,112,32,28,17,5,4
2015-09-10,51,58,24,28,9,5
2015-09-11,72,43,23,20,4,5
2015-09-12,61,52,39,22,17,8
2015-09-13,84,62,66,25,21,10
2015-09-14,102,72,72,27,24,11
2015-09-15,133,75,78,29,25,10
2015-09-16,145,71,60,29,17,11
2015-09-17,143,84,69,31,22,13
2015-09-18,169,42,35,24,6,6
2015-09-19,91,69,57,32,25,7
2015-09-20,119,62,61,27,29,9
2015-09-21,112,49,56,18,19,6
2015-09-22,81,53,36,22,12,7
2015-09-23,110,46,6,20,3,6
2015-09-24,106,74,23,35,11,11
2015-09-25,155,83,33,40,16,13
2015-09-26,149,59,44,28,13,9
2015-09-27,111,49,19,27,8,6
2015-09-28,83,82,17,33,15,9
2015-09-29,145,101,34,31,30,14
2015-09-30,169,40,21,15,3,6
2015-04-01,140,83,14,37,23,11
2015-04-02,149,70,28,23,8,6
2015-04-03,157,63,17,28,16,10
2015-04-04,144,77,20,17,9,7
2015-04-05,149,58,24,12,5,2
2015-04-06,85,63,26,20,5,4
2015-04-07,105,87,25,29,25,9
2015-04-08,162,92,21,27,25,9
2015-04-09,169,91,33,30,16,7
2015-04-10,175,115,14,36,16,12
2015-04-11,188,68,15,26,13,8
2015-04-12,158,79,32,32,9,7
2015-04-13,170,97,27,44,20,11
2015-04-14,168,112,35,44,26,14
2015-04-15,183,97,19,21,6,4
2015-04-16,111,113,21,31,21,11
2015-04-17,156,151,29,41,23,12
2015-04-18,182,86,28,23,5,4
2015-04-19,140,112,21,35,14,8
2015-04-20,143,111,24,29,15,13
2015-04-21,174,87,22,32,13,11
2015-04-22,160,96,18,21,7,7
2015-04-23,128,80,18,27,10,6
2015-04-24,114,124,55,32,26,13
2015-04-25,157,135,55,24,22,13
2015-04-26,179,96,66,22,18,9
2015-04-27,155,63,52,20,12,7
2015-04-28,127,72,41,30,13,7
2015-04-29,149,72,34,32,16,10
2015-04-30,141,72,38,27,14,8
2015-05-01,131,73,35,24,7,6
2015-05-02,157,52,25,19,2,4
2015-05-03,137,47,26,17,1,2
2015-05-04,72,175,26,23,5,6
2015-05-05,137,136,26,21,2,3
2015-05-06,111,112,29,30,10,6
2015-05-07,130,58,21,19,3,3
2015-05-08,90,39,27,20,2,3
2015-05-09,99,52,33,26,9,6
2015-05-10,124,64,33,30,7,6
2015-05-11,131,26,24,19,1,5
2015-05-12,75,67,41,31,5,10
2015-05-13,152,63,48,18,4,5
2015-05-14,109,50,35,15,3,3
2015-05-15,84,61,40,19,6,6
2015-05-16,115,91,61,19,9,8
2015-05-17,158,57,43,19,5,4
2015-05-18,115,43,22,22,3,2
2015-05-19,80,39,27,24,2,3
2015-05-20,85,68,45,28,9,8
2015-05-21,132,80,50,25,10,11
2015-05-22,140,70,50,23,11,8
2015-05-23,142,69,62,23,11,9
2015-05-24,142,75,67,24,11,9
2015-05-25,146,83,60,24,8,9
2015-05-26,157,92,56,26,9,10
2015-05-27,170,50,38,20,9,5
2015-05-28,88,63,31,19,7,6
2015-05-29,132,28,26,16,2,3
2015-05-30,84,84,55,17,12,6
2015-05-31,121,69,43,20,5,7
2015-06-01,134,40,25,23,5,5
2015-06-02,84,53,23,30,6,4
2015-06-03,94,72,42,26,15,11
2015-06-04,131,45,39,20,6,5
2015-06-05,101,46,39,15,5,6
2015-06-06,120,48,37,16,3,5
2015-06-07,116,36,37,16,2,5
2015-06-08,100,51,38,19,5,8
2015-06-09,112,46,33,23,6,8
2015-06-10,125,24,41,14,6,6
2015-06-11,72,38,35,18,3,7
2015-06-12,90,51,37,25,6,9
2015-06-13,134,58,31,29,5,8
2015-06-14,129,64,44,29,4,10
2015-06-15,138,60,45,20,7,12
2015-06-16,141,56,48,24,6,10
2015-06-17,132,39,40,18,1,5
2015-06-18,102,40,37,18,1,5
2015-06-19,94,43,34,23,2,5
2015-06-20,106,63,40,24,9,10
2015-06-21,141,55,36,18,5,10
2015-06-22,127,47,39,17,5,6
2015-06-23,105,48,36,19,6,7
2015-06-24,108,66,20,21,9,8
2015-06-25,123,68,26,21,2,8
2015-06-26,156,69,29,16,1,10
2015-06-27,159,57,35,15,3,8
2015-06-28,137,43,23,16,2,5
2015-06-29,92,42,19,20,2,5
2015-06-30,102,24,15,17, ,3
2015-01-01,132,65,13,23,64,8
2015-01-02,140,80,9,32,74,11
2015-01-03,152,122,12,36,87,17
2015-01-04,201,101,18,31,72,14
2015-01-05,156,61,22,21,52,4
2015-01-06,106,70,16,24,61,7
2015-01-07,123,170,4,42,123,28
2015-01-08,257,226,1,48,149,29
2015-01-09,320,160,8,39,108,26
2015-01-10,242,90,14,26,58,12
2015-01-11,191,181,4,44,137,29
2015-01-12,273,136,4,39,124,23
2015-01-13,231,159,8,36,103,21
2015-01-14,262,142,9,35,61,15
2015-01-15,245,74,6,28,56,8
2015-01-16,169,68,3,33,72,9
2015-01-17,155,108,7,37,88,15
2015-01-18,185,77,17,30,62,9
2015-01-19,174,167,3,52,121,24
2015-01-20,307,117,21,37,67,13
2015-01-21,212,370,10,73,129,33
2015-01-22,432,209,6,53,114,25
2015-01-23,308,97,21,34,64,11
2015-01-24,185,165,3,53,112,23
2015-01-25,276,81,17,28,48,9
2015-01-26,146,51,19,24,60,6
2015-01-27,109,139,12,36,107,18
2015-01-28,245,120,6,37,101,20
2015-01-29,208,46,22,20,48,6
2015-01-30,107,132,6,41,111,19
2015-01-31,228,190,3,53,155,30
2015-02-01,287,170,10,55,134,30
2015-02-02,265,148,19,55,107,22
2015-02-03,248,87,21,28,51,8
2015-02-04,170,90,12,34,78,9
2015-02-05,179,112,8,42,80,20
2015-02-06,190,96,22,14,29,4
2015-02-07,86,67,22,18,45,5
2015-02-08,104,106,15,34,88,12
2015-02-09,174,123,11,41,109,19
2015-02-10,199,89,23,30,65,12
2015-02-11,156,64,21,26,46,6
2015-02-12,119,95,12,35,81,13
2015-02-13,170,139,17,40,72,16
2015-02-14,219,258,9,52,97,26
2015-02-15,338,201,17,39,66,21
2015-02-16,279,54,19,22,41,6
2015-02-17,150,76,28,23,56,8
2015-02-18,169,449,17,42,123,23
2015-02-19,485,84,19,30,73,12
2015-02-20,161,70,18,27,52,10
2015-02-21,150,707,19,19,41,6
2015-02-22,249,71,24,18,39,5
2015-02-23,103,111,16,36,89,15
2015-02-24,175,100,18,31,59,15
2015-02-25,170,42,22,18,34,5
2015-02-26,93,67,22,32,66,6
2015-02-27,135,101,11,38,79,13
2015-02-28,174,72,23,30,57,8
2015-03-01,137,110,14,38,78,17
2015-03-02,174,44,20,18,34,4
2015-03-03,88,57,24,18,30,4
2015-03-04,93,93,15,33,74,14
2015-03-05,167,86,20,28,60,7
2015-03-06,159,119,29,36,53,11
2015-03-07,204,81,17,33,50,11
2015-03-08,148,52,22,16,28,5
2015-03-09,78,55,24,24,45,4
2015-03-10,100,66,23,27,38,7
2015-03-11,127,61,26,28,42,7
2015-03-12,120,75,25,30,47,7
2015-03-13,137,103,17,40,69,14
2015-03-14,174,100,21,30,58,8
2015-03-15,158,119,18,36,48,11
2015-03-16,177,66,25,30,43,8
2015-03-17,146,91,21,45,62,12
2015-03-18,169,108,25,41,54,11
2015-03-19,177,125,22,47,59,12
2015-03-20,198,106,22,39,47,11
2015-03-21,161,150,23,18,21,5
2015-03-22,109,71,22,21,31,5
2015-03-23,127,159,29,50,62,12
2015-03-24,208,144,25,45,64,15
2015-03-25,196,123,25,34,51,9
2015-03-26,176,181,28,36,53,10
2015-03-27,183,145,27,37,47,10
2015-03-28,194,189,23,46,57,17
2015-03-29,240,125,22,38,47,10
2015-03-30,178,95,26,24,18,7
2015-03-31,155,75,31,25,20,6
2014-10-01,161,47,7,19,4,7
2014-10-02,126,57,21,29,5,8
2014-10-03,114,88,13,36,15,15
2014-10-04,150,95,21,33,15,11
2014-10-05,161,51,25,28,6,6
2014-10-06,105,93,28,38,26,12
2014-10-07,163,105,38,37,21,13
2014-10-08,179,93,38,27,11,8
2014-10-09,179,155,24,59,15,17
2014-10-10,251,152,27,43,24,15
2014-10-11,215,34,14,17,4,3
2014-10-12,68,101,24,22,5,5
2014-10-13,153,135,26,46,24,12
2014-10-14,224,116,27,37,20,13
2014-10-15,169,64,20,26,11,5
2014-10-16,97,95,21,32,17,10
2014-10-17,145,140,37,37,17,13
2014-10-18,192,107,38,29,14,7
2014-10-19,153,82,29,23,9,5
2014-10-20,125,151,32,32,14,8
2014-10-21,255,177,24,61,30,16
2014-10-22,301,120,27,38,25,12
2014-10-23,188,106,37,28,18,10
2014-10-24,191,120,31,36,15,13
2014-10-25,219,80,15,17,5,5
2014-10-26,100,96,19,25,18,6
2014-10-27,125,200,13,60,51,20
2014-10-28,240,192,18,58,63,21
2014-10-29,253,213,19,43,47,16
2014-10-30,256,702,15,47,31,21
2014-10-31,613,314,21,46,47,15
2014-11-01,356,42,18,22,22,5
2014-11-02,99,87,21,36,60,10
2014-11-03,153,125,18,41,64,16
2014-11-04,176,93,23,32,45,8
2014-11-05,158,66,23,21,31,5
2014-11-06,123,179,23,41,56,13
2014-11-07,249,153,6,46,82,15
2014-11-08,229,131,11,47,108,19
2014-11-09,207,183,13,53,86,24
2014-11-10,246,100,18,29,45,10
2014-11-11,174,151,19,15,17,4
2014-11-12,97,96,21,27,51,7
2014-11-13,140,85,20,32,59,9
2014-11-14,163,240,8,52,96,22
2014-11-15,265,186,3,45,82,24
2014-11-16,260,119,25,40,57,12
2014-11-17,218,161,6,52,73,22
2014-11-18,238,131,10,42,83,17
2014-11-19,208,99,18,39,60,10
2014-11-20,180,184,6,52,75,18
2014-11-21,245,119,19,39,61,14
2014-11-22,211,123,6,41,79,17
2014-11-23,201,65,18,28,47,7
2014-11-24,135,167,4,50,88,18
2014-11-25,248,80,14,35,61,12
2014-11-26,157,69,19,25,43,6
2014-11-27,128,134,10,39,78,11
2014-11-28,208,265,2,54,102,27
2014-11-29,306,107,8,33,54,13
2014-11-30,181,111,17,15,23,5
2014-12-01,101,63,19,17,28,4
2014-12-02,92,94,20,17,24,4
2014-12-03,97,70,22,21,27,4
2014-12-04,98,62,19,26,45,6
2014-12-05,117,59,20,24,43,6
2014-12-06,116,146,6,44,93,15
2014-12-07,245,88,13,36,61,11
2014-12-08,174,122,9,38,99,15
2014-12-09,214,95,12,30,56,9
2014-12-10,171,79,14,30,67,8
2014-12-11,170,103,11,32,76,13
2014-12-12,193,54,13,24,59,7
2014-12-13,123,183,2,43,146,24
2014-12-14,282,167,8,36,103,22
2014-12-15,258,54,15,21,46,6
2014-12-16,118,54,16,23,56,6
2014-12-17,133,136,6,38,123,19
2014-12-18,247,64,14,30,59,7
2014-12-19,140,65,19,26,53,7
2014-12-20,146,70,8,29,69,10
2014-12-21,163,156,2,50,127,23
2014-12-22,247,105,7,40,88,19
2014-12-23,192,64,16,26,52,7
2014-12-24,154,103,11,38,84,12
2014-12-25,199,219,3,49,165,25
2014-12-26,321,104,5,41,114,19
2014-12-27,188,126,16,42,85,16
2014-12-28,212, , , , , 
2014-07-01,169,58,67,20,10,7
2014-07-02,126,84,44,19,10,9
2014-07-03,179,79,95,20,16,9
2014-07-04,162,74,92,19,17,8
2014-07-05,137,56,63,20,12,6
2014-07-06,86,64,75,23,19,11
2014-07-07,127,70,50,28,13,9
2014-07-08,123,60,47,22,10,6
2014-07-09,107,52,43,23,8,7
2014-07-10,91,33,40,17,5,3
2014-07-11,72,45,52,22,5,4
2014-07-12,81,59,52,24,7,6
2014-07-13,116,81,101,26,17,12
2014-07-14,150,74,81,14,14,9
2014-07-15,152,55,58,16,11,7
2014-07-16,108,54,52,17,7,7
2014-07-17,126,71,66,11,15,8
2014-07-18,150,105,101,20,14,11
2014-07-19,178,79,78,13,13,8
2014-07-20,163,58,47,15,6,5
2014-07-21,128,58,41,22,3,7
2014-07-22,113,79,79,22,20,16
2014-07-23,141,69,34,22,10,12
2014-07-24,132,85,23,29,16,13
2014-07-25,156,101,89,19,6,10
2014-07-26,194,129,118,28,19,14
2014-07-27,205,85,107,20,16,11
2014-07-28,162,68,90,18,14,8
2014-07-29,148,61,67,20,17,7
2014-07-30,130,74,92,26,16,10
2014-07-31,153,60,40,14,12,6
2014-08-01,98,59,51,15,13,9
2014-08-02,101,58,66,12,7,6
2014-08-03,108,50,46,14,5,5
2014-08-04,80,51,48,23,8,4
2014-08-05,84,68,50,25,5,6
2014-08-06,100,72,65,27,9,7
2014-08-07,144,65,88,29,14,8
2014-08-08,129,73,79,30,15,8
2014-08-09,110,69,77,21,16,9
2014-08-10,125,70,59,28,5,7
2014-08-11,130,45,55,20,4,5
2014-08-12,83,68,71,29,15,8
2014-08-13,115,64,72,24,12,7
2014-08-14,110,68,80,21,21,10
2014-08-15,149,76,88,25,21,13
2014-08-16,146,80,44,27,14,11
2014-08-17,159,106,49,43,16,15
2014-08-18,178,84,75,37,10,11
2014-08-19,152,93,112,33,16,15
2014-08-20,166,97,97,24,19,15
2014-08-21,177,134,88,27,7,18
2014-08-22,218,98,49,33,17,16
2014-08-23,154,61,59,22,8,10
2014-08-24,140,51,32,26,5,8
2014-08-25,108,47,56,28,7,8
2014-08-26,116,67,111,29,16,12
2014-08-27,133,75,85,32,18,14
2014-08-28,150,84,106,33,18,11
2014-08-29,152,64,121,33,16,7
2014-08-30,117,83,109,37,22,13
2014-08-31,151,72,87,36,20,12
2014-09-01,138,52,44,27,15,10
2014-09-02,110,28,35,15,1,4
2014-09-03,73,62,54,26,11,12
2014-09-04,114,77,51,38,9,9
2014-09-05,156,90,86,40,22,12
2014-09-06,155,108,104,31,23,15
2014-09-07,178,43,39,20,4,6
2014-09-08,76,54,43,27,7,6
2014-09-09,95,78,51,36,20,8
2014-09-10,128,123,54,35,24,13
2014-09-11,135,65,44,32,11,9
2014-09-12,109,86,58,37,25,10
2014-09-13,144,64,31,28,14,7
2014-09-14,124,67,12,30,18,11
2014-09-15,119,101,15,35,15,8
2014-09-16,131,88,22,41,15,10
2014-09-17,140,105,31,46,17,13
2014-09-18,168,89,31,41,17,14
2014-09-19,160,68,26,32,10,10
2014-09-20,137,79,23,33,8,8
2014-09-21,168,117,32,44,19,13
2014-09-22,177,88,11,34,18,13
2014-09-23,152,29,18,18,2,4
2014-09-24,67,72,14,37,10,8
2014-09-25,125,70,23,35,17,10
2014-09-26,127,41,19,24,5,6
2014-09-27,94,89,19,40,18,12
2014-09-28,154,56,9,23,13,7
2014-09-29,104,53,14,22,6,5
2014-09-30,102,86,8,34,18,11
2014-04-01,184,82,37,24,22,10
2014-04-02,136,63,30,25,14,7
2014-04-03,101,82,29,28,24,11
2014-04-04,121,49,27,19,6,7
2014-04-05,92,82,32,30,25,13
2014-04-06,132,108,34,39,23,13
2014-04-07,161,132,56,51,36,16
2014-04-08,200,105,52,30,28,9
2014-04-09,165,91,39,36,18,6
2014-04-10,141,87,41,45,24,13
2014-04-11,153,137,43,60,38,16
2014-04-12,199,115,48,54,35,12
2014-04-13,184,130,69,33,27,14
2014-04-14,198,79,52,24,9,5
2014-04-15,116,86,41,46,24,14
2014-04-16,143,90,32,45,19,13
2014-04-17,147,59,41,19,7,3
2014-04-18,108,82,47,34,19,5
2014-04-19,145,75,40,24,12,7
2014-04-20,125,74,36,33,13,10
2014-04-21,156,74,48,29,18,9
2014-04-22,157,119,41,28,28,10
2014-04-23,202,106,70,24,26,9
2014-04-24,179,78,64,23,26,6
2014-04-25,147,73,45,23,18,6
2014-04-26,140,68,35,22,12,6
2014-04-27,120,97,39,35,15,7
2014-04-28,128,117,62,44,25,11
2014-04-29,176,107,85,37,29,11
2014-04-30,167,120,95,25,26,11
2014-05-01,171,66,82,16,11,7
2014-05-02,117,64,40,20,17,9
2014-05-03,107,43,35,15,5,5
2014-05-04,70,53,33,20,11,6
2014-05-05,102,74,46,23,17,10
2014-05-06,136,46,43,21,10,7
2014-05-07,98,60,40,30,6,7
2014-05-08,115,90,39,40,26,10
2014-05-09,146,96,51,40,26,10
2014-05-10,144,79,28,38,21,13
2014-05-11,150,43,40,29,8,7
2014-05-12,99,89,67,37,20,14
2014-05-13,177,56,47,26,9,5
2014-05-14,108,44,39,20,4,4
2014-05-15,80,58,36,30,11,7
2014-05-16,122,77,44,32,8,10
2014-05-17,137,83,61,33,17,8
2014-05-18,137,76,42,34,20,9
2014-05-19,146,64,35,26,10,10
2014-05-20,166,83,54,34,18,13
2014-05-21,177,93,57,36,15,13
2014-05-22,187,100,87,25,22,11
2014-05-23,164,87,49,25,20,11
2014-05-24,153,42,34,20,8,9
2014-05-25,101,78,44,24,6,7
2014-05-26,89,83,52,38,26,9
2014-05-27,120,65,43,27,9,4
2014-05-28,90,79,106,36,21,9
2014-05-29,136,77,72,40,18,8
2014-05-30,159,119,107,34,25,11
2014-05-31,175,116,90,32,28,11
2014-06-01,173,88,65,22,11,9
2014-06-02,157,59,70,24,10,7
2014-06-03,126,82,106,32,16,9
2014-06-04,154,66,76,24,14,8
2014-06-05,139,57,45,25,13,6
2014-06-06,130,55,28,30,14,6
2014-06-07,124,39,40,17,5,6
2014-06-08,116,45,46,23,9,7
2014-06-09,117,48,72,24,9,6
2014-06-10,125,65,52,31,7,7
2014-06-11,161,56,39,29,6,4
2014-06-12,142,41,38,25,4,3
2014-06-13,101,73,74,36,16,6
2014-06-14,146,65,73,25,14,9
2014-06-15,146,119,97,27,18,14
2014-06-16,219,75, ,28,7,11
2014-06-17,217,70, ,23,4,9
2014-06-18,187,50,50,20,4,5
2014-06-19,140,66,45,30,12,11
2014-06-20,154,60,75,27,12,11
2014-06-21,190,61,58,29,7,6
2014-06-22,141,69,57,32,16,10
2014-06-23,167,71,79,28,15,13
2014-06-24,148,71,90,22,18,10
2014-06-25,145,58,50,17,11,6
2014-06-26,141,58,34,22,2,5
2014-06-27,112,40,33,17,3,5
2014-06-28,109,56,68,24,6,7
2014-06-29,134,89,94,32,13,9
2014-06-30,176,79,78,24,11,11
2014-01-01,106,94,13,33,63,11
2014-01-02,145,65,7,26,65,5
2014-01-03,134,131,7,42,115,20
2014-01-04,216,101,12,34,103,14
2014-01-05,188,122,8,37,115,17
2014-01-06,214,71,17,28,65,7
2014-01-07,141,48,23,23,53,3
2014-01-08,82,88,13,36,67,11
2014-01-09,168,106,11,43,83,16
2014-01-10,179,113,9,44,80,17
2014-01-11,188,60,18,25,58,5
2014-01-12,118,125,7,43,101,16
2014-01-13,212,150,7,50,136,22
2014-01-14,247,121,10,47,104,20
2014-01-15,190,158,10,42,86,25
2014-01-16,265,123,6,42,104,12
2014-01-17,213,84,15,30,70,8
2014-01-18,170,116,8,38,94,14
2014-01-19,202,81,16,28,60,9
2014-01-20,177,121,7,43,63,15
2014-01-21,213,121,10,48,126,22
2014-01-22,209,84,22,31,65,9
2014-01-23,166,97,24,34,66,11
2014-01-24,199,102,24,28,62,8
2014-01-25,149,97,11,34,77,13
2014-01-26,166,87,22,27,70,7
2014-01-27,135,49,22,23,66,5
2014-01-28,96,82,18,32,82,8
2014-01-29,141,65,26,23,59,6
2014-01-30,118,211,15,32,110,12
2014-01-31,279,119,10,39,99,17
2014-02-01,210,122,26,19,60,9
2014-02-02,126,51,27,17,51,5
2014-02-03,88,66,23,21,55,7
2014-02-04,129,113,9,38,136,14
2014-02-05,197,81,23,29,85,12
2014-02-06,164,85,17,32,83,10
2014-02-07,173,80,24,26,67,9
2014-02-08,155,64,25,22,61,9
2014-02-09,144,84,20,34,90,15
2014-02-10,167,114,9,46,127,17
2014-02-11,192,106,30,35,104,14
2014-02-12,198,124,16,43,117,16
2014-02-13,225,145,24,44,109,20
2014-02-14,199,141,12,44,106,19
2014-02-15,267,87,28,32,75,12
2014-02-16,188,86,30,34,89,12
2014-02-17,174,77,27,35,78,11
2014-02-18,157,69,28,32,75,10
2014-02-19,145,94,25,43,81,16
2014-02-20,177,162,15,55,110,25
2014-02-21,262,119,30,47,89,16
2014-02-22,210,141,17,60,109,17
2014-02-23,243,209,19,53,97,23
2014-02-24,339,177,24,47,77,20
2014-02-25,310,132,40,37,69,11
2014-02-26,203,69,31,22,44,2
2014-02-27,98,98,20,36,73,8
2014-02-28,160,67,25,32,52,5
2014-03-01,144,82,28,36,67,7
2014-03-02,158,102,22,46,75,13
2014-03-03,188,59,29,29,43,3
2014-03-04,134,59,29,30,50,5
2014-03-05,112,47,29,23,36,4
2014-03-06,88,82,27,34,67,8
2014-03-07,144,87,28,37,66,8
2014-03-08,159,64,29,30,45,3
2014-03-09,111,114,19,43,84,13
2014-03-10,180,102,17,39,55,8
2014-03-11,183,77,31,29,45,5
2014-03-12,100,116,40,42,60,10
2014-03-13,195,150,34,49,85,14
2014-03-14,236,83,33,31,50,7
2014-03-15,129,108,28,41,73,12
2014-03-16,153,166,27,39,57,10
2014-03-17,187,71,36,28,41,5
2014-03-18,139,98,38,39,47,8
2014-03-19,149,65,29,25,38,4
2014-03-20,96,106,25,44,61,14
2014-03-21,173,96,40,42,58,12
2014-03-22,171,125,41,54,69,14
2014-03-23,212,130,49,35,57,12
2014-03-24,193,115,56,41,59,13
2014-03-25,217,151,55,46,62,18
2014-03-26,253,165,48,46,55,16
2014-03-27,272,109,45,36,42,12
2014-03-28,180,77,30,35,30,12
2014-03-29,176,88,44,47,41,12
2014-03-30,163,91,28,42,38,10
2014-03-31,132,104,56,34,36,16
2019-12-31, ,73,6,30,22,12
2018-12-31, ,69,17,22,24,12
2017-09-10, ,19,25,18,3,3
2017-01-01, ,91,19,26,36,12
2014-12-31, ,66,13,20,59,6
2013-12-31, ,72,20,25,57,5
